OrderID,OrderDate,CustomerID,Product,Category,Quantity,Price,Revenue,Cost,Profit,Region,City,PurchaseFrequency,Year,Month
ORD-0001,2024-11-23,CUST-1114,Laptop,Electronics,3,8524,25572,17055.58,8516.42,North,Mumbai,10,2024,2024-11
ORD-0002,2024-08-04,CUST-1032,Laptop,Electronics,1,7664,7664,5133.33,2530.67,Central,Delhi,9,2024,2024-08
ORD-0003,2024-04-11,CUST-1733,T-Shirt,Fashion,4,7723,30892,22698.29,8193.71,East,Delhi,3,2024,2024-04
ORD-0004,2024-12-23,CUST-1432,Watch,Fashion,3,5594,16782,11153.22,5628.78,East,Mumbai,2,2024,2024-12
ORD-0005,2024-07-13,CUST-1099,Watch,Fashion,3,20282,60846,41336.11,19509.89,North,Ahmedabad,9,2024,2024-07
ORD-0006,2024-03-04,CUST-1996,Tablet,Electronics,1,18589,18589,12788.37,5800.63,Central,Kolkata,10,2024,2024-03
ORD-0007,2024-04-08,CUST-1721,Smartphone,Electronics,1,22168,22168,14816.41,7351.59,East,Mumbai,4,2024,2024-04
ORD-0008,2024-02-21,CUST-1389,Shoes,Fashion,4,21330,85320,72541.89,12778.11,South,Kolkata,6,2024,2024-02
ORD-0009,2024-04-17,CUST-1686,Shoes,Fashion,1,20460,20460,16173.5,4286.5,Central,Hyderabad,3,2024,2024-04
ORD-0010,2024-08-24,CUST-1388,Shoes,Fashion,5,7696,38480,30991.19,7488.81,North,Hyderabad,1,2024,2024-08
ORD-0011,2024-06-10,CUST-1410,Shoes,Fashion,1,7413,7413,6478.52,934.48,Central,Kolkata,4,2024,2024-06
ORD-0012,2024-12-01,CUST-1511,Tablet,Electronics,4,5181,20724,14081.21,6642.79,South,Chennai,10,2024,2024-12
ORD-0013,2024-08-07,CUST-1919,Power Bank,Accessories,4,12361,49444,32919.63,16524.37,South,Ahmedabad,2,2024,2024-08
ORD-0014,2024-01-25,CUST-1881,Smartphone,Electronics,2,21060,42120,27293.53,14826.47,West,Mumbai,7,2024,2024-01
ORD-0015,2024-07-14,CUST-1610,Keyboard,Accessories,5,8738,43690,38941.92,4748.08,North,Mumbai,9,2024,2024-07
ORD-0016,2024-05-16,CUST-1787,Watch,Fashion,1,10117,10117,7389.76,2727.24,West,Delhi,5,2024,2024-05
ORD-0017,2024-09-13,CUST-1780,Headphones,Accessories,5,3986,19930,17162.83,2767.17,East,Hyderabad,3,2024,2024-09
ORD-0018,2024-07-10,CUST-1780,Headphones,Accessories,5,26014,130070,114036.3,16033.7,North,Kolkata,8,2024,2024-07
ORD-0019,2024-01-10,CUST-1114,Watch,Fashion,3,8346,25038,15457.9,9580.1,Central,Mumbai,2,2024,2024-01
ORD-0020,2024-09-05,CUST-1835,Smartphone,Electronics,5,25594,127970,81610.07,46359.93,West,Bangalore,5,2024,2024-09
ORD-0021,2024-09-27,CUST-1893,Power Bank,Accessories,4,7440,29760,26149.34,3610.66,South,Chennai,7,2024,2024-09
ORD-0022,2024-12-09,CUST-1665,Watch,Fashion,4,29978,119912,90566.27,29345.73,North,Hyderabad,4,2024,2024-12
ORD-0023,2024-02-02,CUST-1346,Laptop,Electronics,5,18650,93250,62387.46,30862.54,South,Delhi,2,2024,2024-02
ORD-0024,2024-12-28,CUST-1646,Laptop,Electronics,2,2708,5416,4720.73,695.27,East,Mumbai,9,2024,2024-12
ORD-0025,2024-05-01,CUST-1285,Keyboard,Accessories,2,18169,36338,23245.18,13092.82,Central,Ahmedabad,4,2024,2024-05
ORD-0026,2024-08-30,CUST-1826,Tablet,Electronics,2,3590,7180,4516.79,2663.21,West,Kolkata,7,2024,2024-08
ORD-0027,2024-07-29,CUST-1478,Laptop,Electronics,1,2486,2486,1791.87,694.13,East,Mumbai,4,2024,2024-07
ORD-0028,2024-04-08,CUST-1194,T-Shirt,Fashion,4,5093,20372,14801.57,5570.43,East,Ahmedabad,4,2024,2024-04
ORD-0029,2024-02-08,CUST-1453,T-Shirt,Fashion,1,2157,2157,1716.2,440.8,Central,Delhi,2,2024,2024-02
ORD-0030,2024-05-01,CUST-1170,Tablet,Electronics,4,16273,65092,43229.17,21862.83,West,Delhi,3,2024,2024-05
ORD-0031,2024-07-13,CUST-1002,Tablet,Electronics,3,26192,78576,65653.3,12922.7,East,Pune,9,2024,2024-07
ORD-0032,2024-12-04,CUST-1735,Keyboard,Accessories,2,6722,13444,9263.08,4180.92,North,Delhi,6,2024,2024-12
ORD-0033,2024-01-30,CUST-1051,Power Bank,Accessories,4,16977,67908,59474.92,8433.08,Central,Bangalore,1,2024,2024-01
ORD-0034,2024-09-17,CUST-1082,Headphones,Accessories,1,19998,19998,12406.52,7591.48,South,Pune,2,2024,2024-09
ORD-0035,2024-10-18,CUST-1252,Power Bank,Accessories,5,1802,9010,7080.19,1929.81,West,Kolkata,5,2024,2024-10
ORD-0036,2024-04-14,CUST-1685,Watch,Fashion,2,9203,18406,13229.05,5176.95,East,Ahmedabad,6,2024,2024-04
ORD-0037,2024-02-07,CUST-1009,Keyboard,Accessories,5,18948,94740,85155.05,9584.95,North,Hyderabad,9,2024,2024-02
ORD-0038,2024-05-15,CUST-1135,Watch,Fashion,1,29311,29311,19734.67,9576.33,East,Bangalore,8,2024,2024-05
ORD-0039,2024-10-05,CUST-1720,Shoes,Fashion,5,26947,134735,107275.05,27459.95,North,Chennai,2,2024,2024-10
ORD-0040,2024-03-09,CUST-1270,Smartphone,Electronics,1,24827,24827,19016.66,5810.34,East,Chennai,10,2024,2024-03
ORD-0041,2024-04-17,CUST-1734,Watch,Fashion,2,23027,46054,36395.16,9658.84,East,Ahmedabad,5,2024,2024-04
ORD-0042,2024-01-27,CUST-1094,Tablet,Electronics,3,1944,5832,3505.4,2326.6,South,Chennai,3,2024,2024-01
ORD-0043,2024-08-14,CUST-1564,Tablet,Electronics,5,816,4080,2584.93,1495.07,South,Delhi,6,2024,2024-08
ORD-0044,2024-10-25,CUST-1565,Headphones,Accessories,4,4676,18704,11457.11,7246.89,East,Delhi,6,2024,2024-10
ORD-0045,2024-04-17,CUST-1698,Backpack,Lifestyle,1,12089,12089,10082.65,2006.35,West,Bangalore,4,2024,2024-04
ORD-0046,2024-03-24,CUST-1999,Headphones,Accessories,4,1312,5248,3431.19,1816.81,East,Pune,4,2024,2024-03
ORD-0047,2024-05-16,CUST-1163,Smartphone,Electronics,4,29079,116316,71140.89,45175.11,West,Hyderabad,4,2024,2024-05
ORD-0048,2024-08-23,CUST-1358,Shoes,Fashion,2,7804,15608,9475.61,6132.39,South,Pune,6,2024,2024-08
ORD-0049,2024-05-22,CUST-1885,Smartphone,Electronics,3,12006,36018,28542.27,7475.73,West,Kolkata,1,2024,2024-05
ORD-0050,2024-02-29,CUST-1898,Shoes,Fashion,2,19524,39048,34704.31,4343.69,East,Delhi,2,2024,2024-02
ORD-0051,2024-11-01,CUST-1444,Watch,Fashion,3,14799,44397,34712.36,9684.64,Central,Mumbai,7,2024,2024-11
ORD-0052,2024-10-22,CUST-1194,Shoes,Fashion,1,23725,23725,17338.64,6386.36,Central,Hyderabad,6,2024,2024-10
ORD-0053,2024-08-08,CUST-1071,Watch,Fashion,5,10786,53930,43090.95,10839.05,North,Chennai,9,2024,2024-08
ORD-0054,2024-06-07,CUST-1682,Tablet,Electronics,3,13685,41055,33220.17,7834.83,Central,Bangalore,4,2024,2024-06
ORD-0055,2024-08-03,CUST-1680,Tablet,Electronics,2,20669,41338,31860.5,9477.5,West,Delhi,5,2024,2024-08
ORD-0056,2024-05-26,CUST-1215,Tablet,Electronics,5,20379,101895,81150.37,20744.63,West,Ahmedabad,8,2024,2024-05
ORD-0057,2024-12-11,CUST-1218,T-Shirt,Fashion,4,26509,106036,92288.88,13747.12,South,Mumbai,5,2024,2024-12
ORD-0058,2024-09-20,CUST-1679,Power Bank,Accessories,3,3560,10680,9030.23,1649.77,South,Chennai,4,2024,2024-09
ORD-0059,2024-04-11,CUST-1150,Laptop,Electronics,1,8523,8523,7629.63,893.37,Central,Mumbai,8,2024,2024-04
ORD-0060,2024-07-31,CUST-1907,Power Bank,Accessories,2,24038,48076,38888.98,9187.02,West,Pune,4,2024,2024-07
ORD-0061,2024-03-16,CUST-1671,Laptop,Electronics,1,26007,26007,18921.23,7085.77,South,Ahmedabad,1,2024,2024-03
ORD-0062,2024-10-12,CUST-1255,Smartphone,Electronics,4,4869,19476,16368.12,3107.88,Central,Kolkata,8,2024,2024-10
ORD-0063,2024-11-09,CUST-1834,T-Shirt,Fashion,4,27716,110864,96679.66,14184.34,West,Bangalore,8,2024,2024-11
ORD-0064,2024-08-18,CUST-1265,Backpack,Lifestyle,3,25594,76782,63982.63,12799.37,West,Hyderabad,5,2024,2024-08
ORD-0065,2024-08-13,CUST-1079,Shoes,Fashion,2,9403,18806,13178.38,5627.62,Central,Mumbai,3,2024,2024-08
ORD-0066,2024-03-18,CUST-1236,Tablet,Electronics,2,23647,47294,31412.01,15881.99,West,Pune,6,2024,2024-03
ORD-0067,2024-10-04,CUST-1477,Tablet,Electronics,1,7277,7277,6184.48,1092.52,West,Delhi,10,2024,2024-10
ORD-0068,2024-07-13,CUST-1488,Laptop,Electronics,3,10284,30852,25485.06,5366.94,West,Hyderabad,8,2024,2024-07
ORD-0069,2024-04-22,CUST-1279,Tablet,Electronics,4,1451,5804,4159.48,1644.52,West,Bangalore,8,2024,2024-04
ORD-0070,2024-03-06,CUST-1637,T-Shirt,Fashion,1,13411,13411,10427.96,2983.04,North,Mumbai,7,2024,2024-03
ORD-0071,2024-03-10,CUST-1887,Keyboard,Accessories,2,2147,4294,2911.53,1382.47,East,Hyderabad,8,2024,2024-03
ORD-0072,2024-06-16,CUST-1345,Tablet,Electronics,3,25141,75423,66776.6,8646.4,West,Chennai,2,2024,2024-06
ORD-0073,2024-08-28,CUST-1019,T-Shirt,Fashion,1,11967,11967,7985.18,3981.82,North,Delhi,1,2024,2024-08
ORD-0074,2024-05-06,CUST-1204,Laptop,Electronics,5,5493,27465,18444.49,9020.51,West,Mumbai,10,2024,2024-05
ORD-0075,2024-04-21,CUST-1476,Shoes,Fashion,3,5998,17994,14067.13,3926.87,North,Bangalore,5,2024,2024-04
ORD-0076,2024-02-25,CUST-1592,Laptop,Electronics,3,19367,58101,46666.97,11434.03,West,Pune,4,2024,2024-02
ORD-0077,2024-02-08,CUST-1606,Backpack,Lifestyle,1,23345,23345,19417.07,3927.93,Central,Mumbai,10,2024,2024-02
ORD-0078,2024-01-22,CUST-1355,T-Shirt,Fashion,4,22176,88704,63083.74,25620.26,Central,Kolkata,1,2024,2024-01
ORD-0079,2024-08-03,CUST-1842,Keyboard,Accessories,1,14705,14705,13061.51,1643.49,West,Bangalore,7,2024,2024-08
ORD-0080,2024-03-31,CUST-1751,T-Shirt,Fashion,3,20682,62046,52271.26,9774.74,Central,Ahmedabad,8,2024,2024-03
ORD-0081,2024-08-11,CUST-1845,Power Bank,Accessories,3,11061,33183,28388.52,4794.48,North,Chennai,8,2024,2024-08
ORD-0082,2024-05-04,CUST-1768,Keyboard,Accessories,5,20499,102495,82042.79,20452.21,East,Delhi,8,2024,2024-05
ORD-0083,2024-06-15,CUST-1186,Keyboard,Accessories,2,12126,24252,20355.91,3896.09,East,Chennai,10,2024,2024-06
ORD-0084,2024-12-25,CUST-1901,Shoes,Fashion,5,832,4160,3140.75,1019.25,South,Mumbai,4,2024,2024-12
ORD-0085,2024-07-27,CUST-1500,T-Shirt,Fashion,2,23129,46258,34361.73,11896.27,West,Ahmedabad,1,2024,2024-07
ORD-0086,2024-02-17,CUST-1301,Backpack,Lifestyle,4,23168,92672,62367.47,30304.53,Central,Kolkata,8,2024,2024-02
ORD-0087,2024-10-10,CUST-1543,Watch,Fashion,4,24942,99768,76334.15,23433.85,East,Ahmedabad,5,2024,2024-10
ORD-0088,2024-06-05,CUST-1257,Backpack,Lifestyle,1,24135,24135,15875.41,8259.59,North,Bangalore,4,2024,2024-06
ORD-0089,2024-04-20,CUST-1756,Keyboard,Accessories,3,24243,72729,56501.42,16227.58,Central,Chennai,2,2024,2024-04
ORD-0090,2024-04-09,CUST-1303,Backpack,Lifestyle,3,6379,19137,13217.55,5919.45,Central,Bangalore,5,2024,2024-04
ORD-0091,2024-01-24,CUST-1997,Laptop,Electronics,5,10072,50360,40752.58,9607.42,South,Ahmedabad,2,2024,2024-01
ORD-0092,2024-01-07,CUST-1587,Shoes,Fashion,4,16186,64744,47401.71,17342.29,South,Delhi,5,2024,2024-01
ORD-0093,2024-09-01,CUST-1116,Smartphone,Electronics,4,16613,66452,41348.07,25103.93,North,Bangalore,3,2024,2024-09
ORD-0094,2024-10-15,CUST-1971,Shoes,Fashion,1,8632,8632,5485.94,3146.06,West,Hyderabad,9,2024,2024-10
ORD-0095,2024-07-13,CUST-1461,Keyboard,Accessories,3,28685,86055,66826.66,19228.34,West,Chennai,10,2024,2024-07
ORD-0096,2024-11-13,CUST-1061,Power Bank,Accessories,1,25493,25493,16884.94,8608.06,South,Chennai,2,2024,2024-11
ORD-0097,2024-03-21,CUST-1245,Headphones,Accessories,5,2959,14795,9571.77,5223.23,West,Ahmedabad,10,2024,2024-03
ORD-0098,2024-08-28,CUST-1298,Laptop,Electronics,2,9940,19880,16144.28,3735.72,West,Mumbai,4,2024,2024-08
ORD-0099,2024-05-15,CUST-1806,Power Bank,Accessories,2,14430,28860,18309.73,10550.27,South,Bangalore,5,2024,2024-05
ORD-0100,2024-03-13,CUST-1073,Laptop,Electronics,2,26472,52944,36652.26,16291.74,Central,Chennai,8,2024,2024-03
ORD-0101,2024-03-04,CUST-1479,Shoes,Fashion,4,9420,37680,28265.34,9414.66,West,Ahmedabad,2,2024,2024-03
ORD-0102,2024-11-02,CUST-1040,Tablet,Electronics,3,20282,60846,41077.77,19768.23,North,Hyderabad,10,2024,2024-11
ORD-0103,2024-10-27,CUST-1973,Laptop,Electronics,3,19382,58146,35589.39,22556.61,South,Ahmedabad,9,2024,2024-10
ORD-0104,2024-11-29,CUST-1452,Shoes,Fashion,2,19680,39360,28762.93,10597.07,West,Mumbai,8,2024,2024-11
ORD-0105,2024-06-27,CUST-1418,Watch,Fashion,3,22458,67374,42538.59,24835.41,South,Kolkata,7,2024,2024-06
ORD-0106,2024-12-21,CUST-1507,Shoes,Fashion,4,27158,108632,89963.58,18668.42,North,Ahmedabad,2,2024,2024-12
ORD-0107,2024-06-10,CUST-1258,Watch,Fashion,1,25814,25814,18618.41,7195.59,Central,Delhi,9,2024,2024-06
ORD-0108,2024-08-24,CUST-1423,Laptop,Electronics,2,17488,34976,24781.68,10194.32,West,Ahmedabad,1,2024,2024-08
ORD-0109,2024-04-14,CUST-1273,T-Shirt,Fashion,2,9938,19876,14538.0,5338.0,West,Mumbai,1,2024,2024-04
ORD-0110,2024-11-18,CUST-1623,Backpack,Lifestyle,2,10682,21364,16348.84,5015.16,Central,Pune,2,2024,2024-11
ORD-0111,2024-04-25,CUST-1861,Smartphone,Electronics,4,4349,17396,13817.87,3578.13,South,Ahmedabad,5,2024,2024-04
ORD-0112,2024-09-17,CUST-1722,Shoes,Fashion,4,27852,111408,82971.09,28436.91,West,Hyderabad,8,2024,2024-09
ORD-0113,2024-10-09,CUST-1148,Tablet,Electronics,2,20140,40280,30309.58,9970.42,South,Mumbai,5,2024,2024-10
ORD-0114,2024-07-31,CUST-1348,T-Shirt,Fashion,3,27387,82161,49359.83,32801.17,East,Ahmedabad,3,2024,2024-07
ORD-0115,2024-08-16,CUST-1551,Keyboard,Accessories,3,11393,34179,26166.6,8012.4,Central,Pune,8,2024,2024-08
ORD-0116,2024-06-13,CUST-1890,Backpack,Lifestyle,2,19236,38472,27503.3,10968.7,West,Delhi,6,2024,2024-06
ORD-0117,2024-08-30,CUST-1722,Tablet,Electronics,4,22247,88988,74546.86,14441.14,South,Ahmedabad,1,2024,2024-08
ORD-0118,2024-03-05,CUST-1514,Power Bank,Accessories,3,28998,86994,54815.74,32178.26,West,Mumbai,9,2024,2024-03
ORD-0119,2024-08-21,CUST-1015,Headphones,Accessories,4,29038,116152,92507.45,23644.55,South,Mumbai,8,2024,2024-08
ORD-0120,2024-05-15,CUST-1346,Power Bank,Accessories,4,21793,87172,54403.57,32768.43,East,Pune,6,2024,2024-05
ORD-0121,2024-11-16,CUST-1735,Keyboard,Accessories,5,1676,8380,6580.29,1799.71,South,Chennai,4,2024,2024-11
ORD-0122,2024-02-16,CUST-1444,Smartphone,Electronics,1,15038,15038,9773.34,5264.66,East,Delhi,1,2024,2024-02
ORD-0123,2024-06-15,CUST-1815,Laptop,Electronics,3,12246,36738,26174.07,10563.93,South,Hyderabad,9,2024,2024-06
ORD-0124,2024-07-29,CUST-1579,Headphones,Accessories,2,6236,12472,7778.67,4693.33,West,Hyderabad,8,2024,2024-07
ORD-0125,2024-10-25,CUST-1146,Backpack,Lifestyle,4,21402,85608,57887.55,27720.45,East,Delhi,8,2024,2024-10
ORD-0126,2024-05-27,CUST-1693,T-Shirt,Fashion,2,2920,5840,4277.91,1562.09,East,Chennai,7,2024,2024-05
ORD-0127,2024-12-19,CUST-1256,Keyboard,Accessories,3,7027,21081,18968.94,2112.06,West,Mumbai,4,2024,2024-12
ORD-0128,2024-07-14,CUST-1585,Watch,Fashion,5,10195,50975,45765.74,5209.26,East,Delhi,7,2024,2024-07
ORD-0129,2024-05-20,CUST-1008,Power Bank,Accessories,1,20370,20370,16775.75,3594.25,East,Hyderabad,10,2024,2024-05
ORD-0130,2024-06-29,CUST-1224,Backpack,Lifestyle,5,8712,43560,34993.03,8566.97,South,Mumbai,1,2024,2024-06
ORD-0131,2024-06-07,CUST-1807,Keyboard,Accessories,1,19491,19491,13828.05,5662.95,South,Mumbai,5,2024,2024-06
ORD-0132,2024-06-16,CUST-1765,Tablet,Electronics,2,7079,14158,9056.14,5101.86,Central,Kolkata,9,2024,2024-06
ORD-0133,2024-09-13,CUST-1935,Shoes,Fashion,2,8920,17840,15595.99,2244.01,West,Chennai,6,2024,2024-09
ORD-0134,2024-02-28,CUST-1479,Smartphone,Electronics,2,25212,50424,44874.84,5549.16,West,Kolkata,2,2024,2024-02
ORD-0135,2024-07-21,CUST-1014,Shoes,Fashion,5,4549,22745,16750.23,5994.77,East,Pune,6,2024,2024-07
ORD-0136,2024-02-25,CUST-1691,Backpack,Lifestyle,4,1320,5280,4149.36,1130.64,Central,Kolkata,10,2024,2024-02
ORD-0137,2024-04-23,CUST-1663,Smartphone,Electronics,4,23472,93888,64844.41,29043.59,West,Mumbai,3,2024,2024-04
ORD-0138,2024-01-24,CUST-1968,Laptop,Electronics,3,16642,49926,31694.83,18231.17,South,Bangalore,7,2024,2024-01
ORD-0139,2024-08-20,CUST-1379,T-Shirt,Fashion,4,19745,78980,64975.32,14004.68,South,Pune,2,2024,2024-08
ORD-0140,2024-09-07,CUST-1630,Tablet,Electronics,3,1572,4716,3806.21,909.79,South,Ahmedabad,8,2024,2024-09
ORD-0141,2024-04-30,CUST-1875,Watch,Fashion,1,22968,22968,16311.88,6656.12,East,Delhi,7,2024,2024-04
ORD-0142,2024-05-21,CUST-1194,Smartphone,Electronics,4,3503,14012,11193.21,2818.79,Central,Delhi,1,2024,2024-05
ORD-0143,2024-06-19,CUST-1249,Headphones,Accessories,5,7224,36120,22415.46,13704.54,Central,Hyderabad,10,2024,2024-06
ORD-0144,2024-04-20,CUST-1832,Backpack,Lifestyle,3,25874,77622,50009.24,27612.76,Central,Delhi,5,2024,2024-04
ORD-0145,2024-03-15,CUST-1133,T-Shirt,Fashion,3,26665,79995,52184.67,27810.33,North,Bangalore,1,2024,2024-03
ORD-0146,2024-07-02,CUST-1808,Backpack,Lifestyle,5,11109,55545,33589.97,21955.03,East,Delhi,3,2024,2024-07
ORD-0147,2024-08-03,CUST-1538,Smartphone,Electronics,1,16105,16105,11828.84,4276.16,East,Mumbai,8,2024,2024-08
ORD-0148,2024-09-14,CUST-1226,Power Bank,Accessories,1,24330,24330,20314.77,4015.23,Central,Chennai,8,2024,2024-09
ORD-0149,2024-11-25,CUST-1987,Laptop,Electronics,1,16195,16195,13833.6,2361.4,West,Mumbai,8,2024,2024-11
ORD-0150,2024-12-30,CUST-1931,Keyboard,Accessories,1,29967,29967,18706.51,11260.49,Central,Bangalore,2,2024,2024-12
ORD-0151,2024-03-05,CUST-1281,Power Bank,Accessories,5,18468,92340,75132.06,17207.94,West,Chennai,8,2024,2024-03
ORD-0152,2024-09-15,CUST-1619,Tablet,Electronics,1,26488,26488,21469.42,5018.58,Central,Hyderabad,7,2024,2024-09
ORD-0153,2024-08-19,CUST-1909,Backpack,Lifestyle,4,11606,46424,39378.03,7045.97,West,Pune,2,2024,2024-08
ORD-0154,2024-06-09,CUST-1437,Watch,Fashion,3,12765,38295,33932.35,4362.65,West,Mumbai,2,2024,2024-06
ORD-0155,2024-02-13,CUST-1095,Tablet,Electronics,1,24898,24898,20457.16,4440.84,South,Delhi,10,2024,2024-02
ORD-0156,2024-10-14,CUST-1575,Watch,Fashion,1,13961,13961,9857.57,4103.43,West,Delhi,5,2024,2024-10
ORD-0157,2024-11-03,CUST-1319,Watch,Fashion,1,19437,19437,14620.97,4816.03,South,Ahmedabad,4,2024,2024-11
ORD-0158,2024-02-25,CUST-1358,T-Shirt,Fashion,3,4264,12792,10601.78,2190.22,Central,Hyderabad,7,2024,2024-02
ORD-0159,2024-10-14,CUST-1997,Power Bank,Accessories,5,22617,113085,89654.89,23430.11,North,Chennai,1,2024,2024-10
ORD-0160,2024-04-02,CUST-1279,Shoes,Fashion,3,12002,36006,21669.55,14336.45,South,Pune,2,2024,2024-04
ORD-0161,2024-03-13,CUST-1758,Laptop,Electronics,1,24948,24948,18939.14,6008.86,West,Pune,8,2024,2024-03
ORD-0162,2024-06-23,CUST-1161,Watch,Fashion,3,24145,72435,50510.0,21925.0,Central,Mumbai,1,2024,2024-06
ORD-0163,2024-03-20,CUST-1161,Power Bank,Accessories,1,22584,22584,14103.13,8480.87,West,Pune,8,2024,2024-03
ORD-0164,2024-11-06,CUST-1452,Tablet,Electronics,3,7563,22689,18752.07,3936.93,North,Kolkata,7,2024,2024-11
ORD-0165,2024-02-26,CUST-1290,Power Bank,Accessories,4,17766,71064,56861.13,14202.87,North,Hyderabad,7,2024,2024-02
ORD-0166,2024-11-02,CUST-1056,Laptop,Electronics,2,10376,20752,18336.41,2415.59,South,Chennai,5,2024,2024-11
ORD-0167,2024-06-16,CUST-1122,Laptop,Electronics,4,24978,99912,72855.48,27056.52,South,Pune,9,2024,2024-06
ORD-0168,2024-12-26,CUST-1235,T-Shirt,Fashion,5,27807,139035,111285.62,27749.38,East,Mumbai,7,2024,2024-12
ORD-0169,2024-01-22,CUST-1446,Laptop,Electronics,4,3051,12204,10478.76,1725.24,Central,Pune,10,2024,2024-01
ORD-0170,2024-07-26,CUST-1726,Tablet,Electronics,3,4274,12822,9251.2,3570.8,East,Bangalore,10,2024,2024-07
ORD-0171,2024-08-23,CUST-1851,Watch,Fashion,1,14810,14810,12638.04,2171.96,South,Pune,10,2024,2024-08
ORD-0172,2024-07-24,CUST-1536,Smartphone,Electronics,4,29025,116100,80466.86,35633.14,East,Hyderabad,6,2024,2024-07
ORD-0173,2024-03-27,CUST-1078,T-Shirt,Fashion,1,17886,17886,13467.9,4418.1,East,Kolkata,3,2024,2024-03
ORD-0174,2024-04-30,CUST-1105,Headphones,Accessories,3,6964,20892,13622.62,7269.38,South,Mumbai,3,2024,2024-04
ORD-0175,2024-11-17,CUST-1505,Keyboard,Accessories,5,25399,126995,98273.87,28721.13,Central,Kolkata,6,2024,2024-11
ORD-0176,2024-03-18,CUST-1450,Smartphone,Electronics,4,14990,59960,47333.36,12626.64,East,Delhi,6,2024,2024-03
ORD-0177,2024-09-16,CUST-1075,Shoes,Fashion,4,15308,61232,37430.03,23801.97,East,Chennai,2,2024,2024-09
ORD-0178,2024-11-26,CUST-1884,Smartphone,Electronics,5,19966,99830,75084.17,24745.83,West,Delhi,8,2024,2024-11
ORD-0179,2024-10-19,CUST-1667,Backpack,Lifestyle,3,20324,60972,45283.22,15688.78,South,Delhi,8,2024,2024-10
ORD-0180,2024-02-22,CUST-1830,Watch,Fashion,1,17033,17033,13521.44,3511.56,North,Hyderabad,8,2024,2024-02
ORD-0181,2024-08-12,CUST-1536,T-Shirt,Fashion,5,5701,28505,20214.87,8290.13,East,Pune,7,2024,2024-08
ORD-0182,2024-06-22,CUST-1695,Power Bank,Accessories,1,26361,26361,20805.84,5555.16,East,Mumbai,6,2024,2024-06
ORD-0183,2024-02-18,CUST-1571,Tablet,Electronics,3,8757,26271,21466.56,4804.44,Central,Bangalore,6,2024,2024-02
ORD-0184,2024-02-11,CUST-1596,Headphones,Accessories,3,10665,31995,28485.43,3509.57,West,Bangalore,10,2024,2024-02
ORD-0185,2024-12-28,CUST-1960,Smartphone,Electronics,3,18814,56442,40243.36,16198.64,East,Bangalore,9,2024,2024-12
ORD-0186,2024-02-17,CUST-1661,Tablet,Electronics,5,12356,61780,37405.88,24374.12,East,Bangalore,4,2024,2024-02
ORD-0187,2024-06-23,CUST-1970,Keyboard,Accessories,2,7923,15846,14261.29,1584.71,South,Mumbai,5,2024,2024-06
ORD-0188,2024-02-21,CUST-1519,T-Shirt,Fashion,5,1736,8680,6931.66,1748.34,Central,Bangalore,10,2024,2024-02
ORD-0189,2024-07-11,CUST-1157,Headphones,Accessories,2,27741,55482,44821.34,10660.66,Central,Bangalore,8,2024,2024-07
ORD-0190,2024-01-23,CUST-1420,Watch,Fashion,2,15055,30110,23581.51,6528.49,West,Hyderabad,9,2024,2024-01
ORD-0191,2024-05-02,CUST-1316,Keyboard,Accessories,2,12553,25106,20172.47,4933.53,Central,Ahmedabad,8,2024,2024-05
ORD-0192,2024-05-24,CUST-1796,Tablet,Electronics,5,17783,88915,64516.57,24398.43,South,Hyderabad,10,2024,2024-05
ORD-0193,2024-03-11,CUST-1893,Shoes,Fashion,1,21510,21510,16007.25,5502.75,East,Mumbai,9,2024,2024-03
ORD-0194,2024-03-04,CUST-1291,Smartphone,Electronics,2,9438,18876,13870.0,5006.0,Central,Bangalore,7,2024,2024-03
ORD-0195,2024-02-16,CUST-1969,Backpack,Lifestyle,4,29487,117948,83138.66,34809.34,North,Pune,1,2024,2024-02
ORD-0196,2024-07-21,CUST-1514,Watch,Fashion,2,13153,26306,23632.2,2673.8,East,Hyderabad,1,2024,2024-07
ORD-0197,2024-06-12,CUST-1953,Smartphone,Electronics,3,26431,79293,51050.01,28242.99,North,Chennai,8,2024,2024-06
ORD-0198,2024-12-22,CUST-1851,Headphones,Accessories,4,15199,60796,47700.81,13095.19,North,Delhi,5,2024,2024-12
ORD-0199,2024-04-20,CUST-1855,Headphones,Accessories,5,24330,121650,95211.08,26438.92,West,Mumbai,5,2024,2024-04
ORD-0200,2024-05-01,CUST-1308,Smartphone,Electronics,1,8313,8313,6034.8,2278.2,Central,Ahmedabad,2,2024,2024-05
ORD-0201,2024-02-26,CUST-1856,Keyboard,Accessories,5,18065,90325,54640.36,35684.64,Central,Hyderabad,3,2024,2024-02
ORD-0202,2024-05-29,CUST-1439,Laptop,Electronics,5,12061,60305,40535.17,19769.83,West,Bangalore,2,2024,2024-05
ORD-0203,2024-09-25,CUST-1998,Watch,Fashion,1,17737,17737,13537.31,4199.69,Central,Delhi,7,2024,2024-09
ORD-0204,2024-08-28,CUST-1044,Tablet,Electronics,3,8811,26433,21785.95,4647.05,East,Mumbai,6,2024,2024-08
ORD-0205,2024-05-03,CUST-1750,Smartphone,Electronics,5,24590,122950,101680.1,21269.9,South,Delhi,6,2024,2024-05
ORD-0206,2024-10-06,CUST-1346,Headphones,Accessories,4,23286,93144,69258.09,23885.91,South,Bangalore,2,2024,2024-10
ORD-0207,2024-08-22,CUST-1037,Shoes,Fashion,2,1935,3870,3240.48,629.52,North,Kolkata,5,2024,2024-08
ORD-0208,2024-09-20,CUST-1407,T-Shirt,Fashion,4,8800,35200,21506.72,13693.28,South,Chennai,6,2024,2024-09
ORD-0209,2024-01-25,CUST-1886,Watch,Fashion,3,4578,13734,11533.85,2200.15,West,Pune,8,2024,2024-01
ORD-0210,2024-07-16,CUST-1347,Headphones,Accessories,4,23177,92708,69462.12,23245.88,Central,Chennai,2,2024,2024-07
ORD-0211,2024-08-05,CUST-1080,Tablet,Electronics,5,27446,137230,89767.21,47462.79,East,Kolkata,2,2024,2024-08
ORD-0212,2024-02-10,CUST-1335,Shoes,Fashion,3,15111,45333,35395.39,9937.61,West,Bangalore,8,2024,2024-02
ORD-0213,2024-06-28,CUST-1457,Laptop,Electronics,3,20647,61941,55712.53,6228.47,East,Delhi,2,2024,2024-06
ORD-0214,2024-12-09,CUST-1652,Tablet,Electronics,3,17312,51936,43643.32,8292.68,South,Delhi,3,2024,2024-12
ORD-0215,2024-11-07,CUST-1694,Keyboard,Accessories,1,4636,4636,2875.11,1760.89,East,Kolkata,7,2024,2024-11
ORD-0216,2024-10-17,CUST-1033,Power Bank,Accessories,2,22751,45502,33442.91,12059.09,East,Kolkata,8,2024,2024-10
ORD-0217,2024-02-09,CUST-1587,Headphones,Accessories,5,12524,62620,45049.47,17570.53,East,Hyderabad,2,2024,2024-02
ORD-0218,2024-01-14,CUST-1753,Headphones,Accessories,4,17465,69860,50026.48,19833.52,Central,Mumbai,5,2024,2024-01
ORD-0219,2024-05-13,CUST-1720,Keyboard,Accessories,2,20549,41098,28179.79,12918.21,West,Hyderabad,2,2024,2024-05
ORD-0220,2024-03-10,CUST-1873,Smartphone,Electronics,4,6157,24628,21416.6,3211.4,West,Mumbai,6,2024,2024-03
ORD-0221,2024-12-07,CUST-1355,Smartphone,Electronics,5,18265,91325,62750.2,28574.8,East,Bangalore,3,2024,2024-12
ORD-0222,2024-07-04,CUST-1520,Backpack,Lifestyle,1,7085,7085,5934.54,1150.46,South,Ahmedabad,1,2024,2024-07
ORD-0223,2024-07-03,CUST-1567,Power Bank,Accessories,3,15815,47445,39905.92,7539.08,Central,Bangalore,10,2024,2024-07
ORD-0224,2024-02-14,CUST-1067,Shoes,Fashion,4,23992,95968,78277.35,17690.65,Central,Pune,7,2024,2024-02
ORD-0225,2024-10-21,CUST-1075,Headphones,Accessories,3,21548,64644,40224.7,24419.3,West,Kolkata,3,2024,2024-10
ORD-0226,2024-10-09,CUST-1655,Power Bank,Accessories,2,25658,51316,45665.05,5650.95,West,Delhi,2,2024,2024-10
ORD-0227,2024-09-22,CUST-1156,Shoes,Fashion,2,5807,11614,8092.61,3521.39,South,Kolkata,9,2024,2024-09
ORD-0228,2024-05-25,CUST-1866,Smartphone,Electronics,3,6932,20796,16439.59,4356.41,Central,Chennai,3,2024,2024-05
ORD-0229,2024-11-16,CUST-1310,Power Bank,Accessories,5,3561,17805,13367.49,4437.51,South,Bangalore,3,2024,2024-11
ORD-0230,2024-12-03,CUST-1639,Power Bank,Accessories,3,28108,84324,73967.24,10356.76,North,Delhi,2,2024,2024-12
ORD-0231,2024-01-24,CUST-1971,Power Bank,Accessories,3,21836,65508,43447.69,22060.31,Central,Pune,10,2024,2024-01
ORD-0232,2024-11-23,CUST-1031,Keyboard,Accessories,5,9991,49955,39592.94,10362.06,East,Ahmedabad,4,2024,2024-11
ORD-0233,2024-12-16,CUST-1415,Shoes,Fashion,4,2891,11564,9327.34,2236.66,South,Ahmedabad,7,2024,2024-12
ORD-0234,2024-09-04,CUST-1475,Backpack,Lifestyle,3,20379,61137,39317.24,21819.76,East,Kolkata,7,2024,2024-09
ORD-0235,2024-03-07,CUST-1778,Watch,Fashion,5,18904,94520,59722.95,34797.05,South,Ahmedabad,2,2024,2024-03
ORD-0236,2024-05-16,CUST-1460,Backpack,Lifestyle,2,3672,7344,4517.89,2826.11,West,Pune,4,2024,2024-05
ORD-0237,2024-03-22,CUST-1833,Watch,Fashion,5,24129,120645,83705.25,36939.75,South,Ahmedabad,9,2024,2024-03
ORD-0238,2024-08-27,CUST-1510,Shoes,Fashion,4,1259,5036,3157.65,1878.35,West,Ahmedabad,4,2024,2024-08
ORD-0239,2024-04-20,CUST-1597,Watch,Fashion,1,2156,2156,1475.58,680.42,Central,Ahmedabad,5,2024,2024-04
ORD-0240,2024-10-01,CUST-1008,Smartphone,Electronics,4,4888,19552,16907.33,2644.67,East,Pune,6,2024,2024-10
ORD-0241,2024-01-24,CUST-1410,Laptop,Electronics,5,18909,94545,62248.11,32296.89,Central,Chennai,2,2024,2024-01
ORD-0242,2024-07-16,CUST-1516,Keyboard,Accessories,5,9665,48325,40959.95,7365.05,Central,Mumbai,3,2024,2024-07
ORD-0243,2024-02-19,CUST-1403,Watch,Fashion,3,18779,56337,49671.46,6665.54,South,Hyderabad,10,2024,2024-02
ORD-0244,2024-09-17,CUST-1411,T-Shirt,Fashion,1,1984,1984,1213.56,770.44,East,Ahmedabad,9,2024,2024-09
ORD-0245,2024-08-21,CUST-1152,Power Bank,Accessories,5,5080,25400,17739.1,7660.9,Central,Kolkata,3,2024,2024-08
ORD-0246,2024-07-20,CUST-1631,Shoes,Fashion,5,11522,57610,43333.92,14276.08,Central,Ahmedabad,10,2024,2024-07
ORD-0247,2024-06-02,CUST-1486,Laptop,Electronics,3,11354,34062,27322.56,6739.44,West,Chennai,1,2024,2024-06
ORD-0248,2024-11-01,CUST-1485,Shoes,Fashion,5,19427,97135,64911.72,32223.28,North,Ahmedabad,3,2024,2024-11
ORD-0249,2024-09-25,CUST-1644,Power Bank,Accessories,4,5342,21368,18087.98,3280.02,South,Delhi,10,2024,2024-09
ORD-0250,2024-12-24,CUST-1112,Backpack,Lifestyle,1,14951,14951,10377.6,4573.4,South,Pune,4,2024,2024-12
ORD-0251,2024-07-29,CUST-1513,Power Bank,Accessories,4,29100,116400,99465.32,16934.68,North,Bangalore,9,2024,2024-07
ORD-0252,2024-04-16,CUST-1574,Watch,Fashion,4,17718,70872,50535.1,20336.9,South,Ahmedabad,9,2024,2024-04
ORD-0253,2024-06-24,CUST-1559,Watch,Fashion,3,20490,61470,45810.77,15659.23,South,Chennai,9,2024,2024-06
ORD-0254,2024-06-01,CUST-1230,Shoes,Fashion,3,23598,70794,46878.61,23915.39,West,Kolkata,8,2024,2024-06
ORD-0255,2024-06-27,CUST-1573,Shoes,Fashion,3,4493,13479,10406.37,3072.63,Central,Pune,7,2024,2024-06
ORD-0256,2024-06-25,CUST-1977,Headphones,Accessories,3,1878,5634,3866.55,1767.45,North,Kolkata,8,2024,2024-06
ORD-0257,2024-12-01,CUST-1262,Keyboard,Accessories,2,7121,14242,12082.71,2159.29,East,Chennai,3,2024,2024-12
ORD-0258,2024-02-25,CUST-1630,Power Bank,Accessories,2,8444,16888,10390.0,6498.0,Central,Hyderabad,4,2024,2024-02
ORD-0259,2024-01-27,CUST-1102,Tablet,Electronics,3,24006,72018,53417.28,18600.72,South,Delhi,9,2024,2024-01
ORD-0260,2024-03-21,CUST-1416,Keyboard,Accessories,4,21816,87264,57580.0,29684.0,East,Kolkata,5,2024,2024-03
ORD-0261,2024-11-26,CUST-1060,Smartphone,Electronics,5,8109,40545,30836.32,9708.68,North,Bangalore,7,2024,2024-11
ORD-0262,2024-03-31,CUST-1956,Laptop,Electronics,4,26319,105276,78811.21,26464.79,East,Delhi,1,2024,2024-03
ORD-0263,2024-06-01,CUST-1581,Power Bank,Accessories,1,11478,11478,7866.66,3611.34,Central,Ahmedabad,3,2024,2024-06
ORD-0264,2024-09-15,CUST-1479,Shoes,Fashion,2,27003,54006,34228.68,19777.32,South,Ahmedabad,5,2024,2024-09
ORD-0265,2024-04-05,CUST-1014,Watch,Fashion,3,19105,57315,45984.99,11330.01,South,Bangalore,10,2024,2024-04
ORD-0266,2024-11-23,CUST-1918,Tablet,Electronics,4,17384,69536,48562.41,20973.59,West,Mumbai,3,2024,2024-11
ORD-0267,2024-03-12,CUST-1488,Watch,Fashion,2,723,1446,980.73,465.27,South,Ahmedabad,5,2024,2024-03
ORD-0268,2024-06-17,CUST-1309,Power Bank,Accessories,5,874,4370,2964.9,1405.1,East,Hyderabad,1,2024,2024-06
ORD-0269,2024-12-07,CUST-1121,Keyboard,Accessories,3,5733,17199,12411.23,4787.77,Central,Chennai,2,2024,2024-12
ORD-0270,2024-11-23,CUST-1938,Shoes,Fashion,3,20640,61920,41254.5,20665.5,South,Ahmedabad,3,2024,2024-11
ORD-0271,2024-08-20,CUST-1765,Power Bank,Accessories,3,14126,42378,34350.85,8027.15,West,Hyderabad,4,2024,2024-08
ORD-0272,2024-12-14,CUST-1772,Power Bank,Accessories,1,17719,17719,13006.18,4712.82,East,Mumbai,10,2024,2024-12
ORD-0273,2024-02-27,CUST-1063,T-Shirt,Fashion,5,7124,35620,27491.89,8128.11,South,Bangalore,6,2024,2024-02
ORD-0274,2024-09-23,CUST-1452,Smartphone,Electronics,2,23991,47982,37183.38,10798.62,North,Ahmedabad,1,2024,2024-09
ORD-0275,2024-08-20,CUST-1135,T-Shirt,Fashion,4,15468,61872,47590.29,14281.71,Central,Ahmedabad,5,2024,2024-08
ORD-0276,2024-01-12,CUST-1405,Shoes,Fashion,1,24938,24938,16593.01,8344.99,North,Delhi,7,2024,2024-01
ORD-0277,2024-06-25,CUST-1717,Smartphone,Electronics,5,2474,12370,10890.24,1479.76,North,Ahmedabad,1,2024,2024-06
ORD-0278,2024-05-26,CUST-1418,Headphones,Accessories,2,25594,51188,40564.31,10623.69,West,Kolkata,7,2024,2024-05
ORD-0279,2024-08-17,CUST-1890,Tablet,Electronics,4,3129,12516,10073.12,2442.88,Central,Bangalore,6,2024,2024-08
ORD-0280,2024-03-01,CUST-1182,T-Shirt,Fashion,4,17829,71316,45514.17,25801.83,South,Delhi,1,2024,2024-03
ORD-0281,2024-06-01,CUST-1474,T-Shirt,Fashion,4,17930,71720,51192.51,20527.49,South,Hyderabad,8,2024,2024-06
ORD-0282,2024-06-26,CUST-1158,Shoes,Fashion,2,29178,58356,47706.45,10649.55,North,Delhi,7,2024,2024-06
ORD-0283,2024-11-10,CUST-1784,Laptop,Electronics,2,7252,14504,8995.2,5508.8,Central,Delhi,8,2024,2024-11
ORD-0284,2024-11-02,CUST-1688,Laptop,Electronics,2,24766,49532,30376.54,19155.46,West,Hyderabad,9,2024,2024-11
ORD-0285,2024-04-21,CUST-1772,Laptop,Electronics,2,17011,34022,30553.29,3468.71,South,Kolkata,10,2024,2024-04
ORD-0286,2024-11-02,CUST-1791,Watch,Fashion,2,10388,20776,17927.14,2848.86,Central,Hyderabad,7,2024,2024-11
ORD-0287,2024-06-02,CUST-1281,Laptop,Electronics,5,19887,99435,85903.31,13531.69,South,Pune,9,2024,2024-06
ORD-0288,2024-09-10,CUST-1048,Watch,Fashion,4,26249,104996,79517.56,25478.44,West,Pune,3,2024,2024-09
ORD-0289,2024-06-02,CUST-1385,Headphones,Accessories,5,16016,80080,53837.02,26242.98,South,Chennai,3,2024,2024-06
ORD-0290,2024-08-25,CUST-1936,Laptop,Electronics,5,14022,70110,62421.45,7688.55,Central,Bangalore,7,2024,2024-08
ORD-0291,2024-05-04,CUST-1261,Backpack,Lifestyle,3,21691,65073,40587.41,24485.59,West,Kolkata,2,2024,2024-05
ORD-0292,2024-10-01,CUST-1741,Backpack,Lifestyle,1,9296,9296,6629.45,2666.55,Central,Delhi,2,2024,2024-10
ORD-0293,2024-04-06,CUST-1823,Power Bank,Accessories,5,7611,38055,28306.0,9749.0,East,Chennai,1,2024,2024-04
ORD-0294,2024-04-18,CUST-1959,Backpack,Lifestyle,1,24973,24973,22472.49,2500.51,West,Hyderabad,10,2024,2024-04
ORD-0295,2024-12-26,CUST-1209,Tablet,Electronics,2,18590,37180,25895.29,11284.71,East,Pune,8,2024,2024-12
ORD-0296,2024-09-30,CUST-1664,Watch,Fashion,3,9070,27210,19261.78,7948.22,West,Ahmedabad,2,2024,2024-09
ORD-0297,2024-08-28,CUST-1779,Watch,Fashion,2,12647,25294,17550.91,7743.09,North,Hyderabad,3,2024,2024-08
ORD-0298,2024-01-09,CUST-1267,T-Shirt,Fashion,5,19477,97385,79466.51,17918.49,East,Bangalore,4,2024,2024-01
ORD-0299,2024-06-17,CUST-1235,Tablet,Electronics,5,27807,139035,93670.52,45364.48,Central,Kolkata,5,2024,2024-06
ORD-0300,2024-09-07,CUST-1989,Keyboard,Accessories,4,6012,24048,19715.31,4332.69,East,Bangalore,3,2024,2024-09
ORD-0301,2024-10-06,CUST-1500,Headphones,Accessories,5,21530,107650,95503.97,12146.03,Central,Delhi,2,2024,2024-10
ORD-0302,2024-12-08,CUST-1049,Laptop,Electronics,4,5005,20020,17072.32,2947.68,South,Mumbai,3,2024,2024-12
ORD-0303,2024-01-05,CUST-1223,T-Shirt,Fashion,4,12729,50916,31472.96,19443.04,Central,Ahmedabad,8,2024,2024-01
ORD-0304,2024-01-09,CUST-1006,T-Shirt,Fashion,5,13978,69890,42182.48,27707.52,Central,Chennai,9,2024,2024-01
ORD-0305,2024-05-26,CUST-1017,T-Shirt,Fashion,4,26916,107664,94950.34,12713.66,South,Mumbai,2,2024,2024-05
ORD-0306,2024-09-25,CUST-1152,Backpack,Lifestyle,2,20808,41616,31542.3,10073.7,East,Chennai,7,2024,2024-09
ORD-0307,2024-02-10,CUST-1382,Tablet,Electronics,4,19013,76052,51180.13,24871.87,South,Chennai,2,2024,2024-02
ORD-0308,2024-11-30,CUST-1878,Laptop,Electronics,1,13780,13780,9835.88,3944.12,Central,Ahmedabad,1,2024,2024-11
ORD-0309,2024-11-22,CUST-1009,Headphones,Accessories,1,16879,16879,14407.9,2471.1,East,Mumbai,9,2024,2024-11
ORD-0310,2024-01-22,CUST-1235,Backpack,Lifestyle,5,16081,80405,54782.22,25622.78,North,Chennai,9,2024,2024-01
ORD-0311,2024-10-15,CUST-1673,Laptop,Electronics,2,28366,56732,39391.6,17340.4,South,Bangalore,7,2024,2024-10
ORD-0312,2024-02-09,CUST-1306,Headphones,Accessories,5,8379,41895,32259.52,9635.48,West,Kolkata,7,2024,2024-02
ORD-0313,2024-03-12,CUST-1809,Smartphone,Electronics,5,24927,124635,111211.44,13423.56,North,Mumbai,7,2024,2024-03
ORD-0314,2024-04-28,CUST-1858,Smartphone,Electronics,3,20330,60990,50664.5,10325.5,Central,Pune,6,2024,2024-04
ORD-0315,2024-01-16,CUST-1649,Shoes,Fashion,4,16576,66304,44320.35,21983.65,Central,Pune,7,2024,2024-01
ORD-0316,2024-04-05,CUST-1696,Power Bank,Accessories,4,3308,13232,11004.4,2227.6,East,Hyderabad,2,2024,2024-04
ORD-0317,2024-02-12,CUST-1274,Headphones,Accessories,4,23820,95280,79574.72,15705.28,South,Pune,6,2024,2024-02
ORD-0318,2024-07-03,CUST-1109,Smartphone,Electronics,1,10601,10601,7774.99,2826.01,East,Mumbai,3,2024,2024-07
ORD-0319,2024-02-14,CUST-1191,Tablet,Electronics,4,18751,75004,57484.72,17519.28,West,Mumbai,1,2024,2024-02
ORD-0320,2024-02-15,CUST-1362,T-Shirt,Fashion,1,20060,20060,15635.03,4424.97,East,Pune,1,2024,2024-02
ORD-0321,2024-05-29,CUST-1423,Tablet,Electronics,1,24251,24251,21106.64,3144.36,South,Bangalore,7,2024,2024-05
ORD-0322,2024-03-27,CUST-1142,Shoes,Fashion,3,9295,27885,20856.23,7028.77,North,Bangalore,7,2024,2024-03
ORD-0323,2024-05-21,CUST-1431,Shoes,Fashion,4,26146,104584,65163.82,39420.18,East,Hyderabad,8,2024,2024-05
ORD-0324,2024-10-31,CUST-1631,Backpack,Lifestyle,4,4005,16020,10263.16,5756.84,North,Pune,6,2024,2024-10
ORD-0325,2024-11-13,CUST-1389,Watch,Fashion,4,11468,45872,33449.17,12422.83,Central,Bangalore,5,2024,2024-11
ORD-0326,2024-06-13,CUST-1617,Backpack,Lifestyle,4,10795,43180,28209.11,14970.89,West,Kolkata,5,2024,2024-06
ORD-0327,2024-12-21,CUST-1648,Keyboard,Accessories,5,26123,130615,87868.27,42746.73,West,Chennai,7,2024,2024-12
ORD-0328,2024-07-05,CUST-1116,Power Bank,Accessories,2,19906,39812,35798.13,4013.87,South,Delhi,8,2024,2024-07
ORD-0329,2024-12-28,CUST-1214,Keyboard,Accessories,3,27739,83217,67226.9,15990.1,West,Ahmedabad,3,2024,2024-12
ORD-0330,2024-11-20,CUST-1310,Backpack,Lifestyle,3,22083,66249,42812.95,23436.05,West,Pune,2,2024,2024-11
ORD-0331,2024-08-17,CUST-1612,Keyboard,Accessories,5,13633,68165,51826.55,16338.45,West,Delhi,6,2024,2024-08
ORD-0332,2024-12-25,CUST-1916,T-Shirt,Fashion,5,21411,107055,93600.37,13454.63,North,Hyderabad,6,2024,2024-12
ORD-0333,2024-03-26,CUST-1662,Power Bank,Accessories,1,18955,18955,16966.29,1988.71,West,Kolkata,7,2024,2024-03
ORD-0334,2024-02-24,CUST-1010,Smartphone,Electronics,3,7774,23322,17566.2,5755.8,Central,Hyderabad,8,2024,2024-02
ORD-0335,2024-07-10,CUST-1400,Keyboard,Accessories,5,23124,115620,86731.16,28888.84,East,Delhi,8,2024,2024-07
ORD-0336,2024-02-23,CUST-1302,Tablet,Electronics,1,4303,4303,3654.95,648.05,South,Kolkata,5,2024,2024-02
ORD-0337,2024-06-24,CUST-1466,Backpack,Lifestyle,5,16324,81620,57500.48,24119.52,North,Ahmedabad,8,2024,2024-06
ORD-0338,2024-06-12,CUST-1068,Shoes,Fashion,1,27048,27048,21996.35,5051.65,North,Kolkata,2,2024,2024-06
ORD-0339,2024-12-12,CUST-1819,Headphones,Accessories,2,17408,34816,22711.73,12104.27,South,Kolkata,9,2024,2024-12
ORD-0340,2024-08-06,CUST-1981,Keyboard,Accessories,2,26640,53280,38442.28,14837.72,South,Bangalore,7,2024,2024-08
ORD-0341,2024-07-21,CUST-1029,Power Bank,Accessories,2,15231,30462,23689.11,6772.89,West,Delhi,4,2024,2024-07
ORD-0342,2024-04-15,CUST-1285,Smartphone,Electronics,5,3834,19170,16099.94,3070.06,Central,Bangalore,6,2024,2024-04
ORD-0343,2024-06-15,CUST-1201,Keyboard,Accessories,1,9096,9096,7287.81,1808.19,West,Kolkata,10,2024,2024-06
ORD-0344,2024-07-17,CUST-1625,Tablet,Electronics,5,4243,21215,14943.37,6271.63,West,Bangalore,5,2024,2024-07
ORD-0345,2024-11-10,CUST-1604,Smartphone,Electronics,2,10762,21524,13675.46,7848.54,East,Mumbai,3,2024,2024-11
ORD-0346,2024-07-10,CUST-1710,Headphones,Accessories,5,13229,66145,47986.33,18158.67,South,Pune,7,2024,2024-07
ORD-0347,2024-04-05,CUST-1498,T-Shirt,Fashion,2,18683,37366,24290.13,13075.87,East,Bangalore,3,2024,2024-04
ORD-0348,2024-06-10,CUST-1862,Keyboard,Accessories,5,2256,11280,9696.93,1583.07,North,Ahmedabad,3,2024,2024-06
ORD-0349,2024-04-09,CUST-1834,Tablet,Electronics,5,17062,85310,67900.01,17409.99,West,Ahmedabad,7,2024,2024-04
ORD-0350,2024-12-29,CUST-1860,Keyboard,Accessories,4,5980,23920,14945.24,8974.76,North,Hyderabad,5,2024,2024-12
ORD-0351,2024-01-17,CUST-1281,Backpack,Lifestyle,5,9959,49795,32389.79,17405.21,West,Ahmedabad,9,2024,2024-01
ORD-0352,2024-09-18,CUST-1115,Power Bank,Accessories,1,9278,9278,7724.25,1553.75,East,Delhi,8,2024,2024-09
ORD-0353,2024-10-06,CUST-1223,Tablet,Electronics,1,24616,24616,20899.51,3716.49,South,Chennai,1,2024,2024-10
ORD-0354,2024-08-18,CUST-1269,Watch,Fashion,1,14887,14887,12796.67,2090.33,North,Hyderabad,4,2024,2024-08
ORD-0355,2024-10-28,CUST-1705,Watch,Fashion,5,21234,106170,77339.55,28830.45,Central,Bangalore,4,2024,2024-10
ORD-0356,2024-04-15,CUST-1824,Laptop,Electronics,5,11995,59975,45562.06,14412.94,Central,Bangalore,6,2024,2024-04
ORD-0357,2024-12-26,CUST-1299,Shoes,Fashion,5,9260,46300,41008.8,5291.2,Central,Mumbai,3,2024,2024-12
ORD-0358,2024-07-29,CUST-1940,Laptop,Electronics,3,28911,86733,69106.16,17626.84,South,Hyderabad,3,2024,2024-07
ORD-0359,2024-12-30,CUST-1329,Backpack,Lifestyle,4,16538,66152,42512.68,23639.32,East,Pune,7,2024,2024-12
ORD-0360,2024-08-19,CUST-1077,Smartphone,Electronics,4,17395,69580,57399.37,12180.63,East,Ahmedabad,8,2024,2024-08
ORD-0361,2024-06-16,CUST-1595,Laptop,Electronics,1,24451,24451,21801.61,2649.39,East,Mumbai,9,2024,2024-06
ORD-0362,2024-07-22,CUST-1223,Tablet,Electronics,2,16710,33420,22744.35,10675.65,East,Kolkata,9,2024,2024-07
ORD-0363,2024-10-22,CUST-1133,Power Bank,Accessories,4,26331,105324,74055.61,31268.39,North,Delhi,2,2024,2024-10
ORD-0364,2024-11-16,CUST-1802,Keyboard,Accessories,1,4571,4571,4017.13,553.87,South,Ahmedabad,8,2024,2024-11
ORD-0365,2024-01-01,CUST-1981,Tablet,Electronics,2,23063,46126,40259.8,5866.2,East,Bangalore,5,2024,2024-01
ORD-0366,2024-02-17,CUST-1670,Watch,Fashion,3,3200,9600,6830.91,2769.09,South,Delhi,7,2024,2024-02
ORD-0367,2024-11-16,CUST-1312,Backpack,Lifestyle,4,21978,87912,55152.45,32759.55,North,Delhi,4,2024,2024-11
ORD-0368,2024-09-01,CUST-1079,Headphones,Accessories,5,7911,39555,29896.99,9658.01,West,Delhi,1,2024,2024-09
ORD-0369,2024-12-22,CUST-1351,Smartphone,Electronics,4,23242,92968,59467.22,33500.78,North,Hyderabad,7,2024,2024-12
ORD-0370,2024-02-15,CUST-1748,Smartphone,Electronics,1,10767,10767,7647.46,3119.54,East,Bangalore,7,2024,2024-02
ORD-0371,2024-03-09,CUST-1656,Headphones,Accessories,1,17883,17883,13751.8,4131.2,Central,Bangalore,8,2024,2024-03
ORD-0372,2024-06-28,CUST-1739,Backpack,Lifestyle,2,13990,27980,21959.34,6020.66,West,Hyderabad,2,2024,2024-06
ORD-0373,2024-02-21,CUST-1143,Smartphone,Electronics,5,24420,122100,87327.09,34772.91,West,Kolkata,3,2024,2024-02
ORD-0374,2024-05-06,CUST-1283,Smartphone,Electronics,2,18633,37266,29078.65,8187.35,Central,Chennai,1,2024,2024-05
ORD-0375,2024-12-03,CUST-1896,Shoes,Fashion,2,17465,34930,27317.99,7612.01,South,Pune,5,2024,2024-12
ORD-0376,2024-11-26,CUST-1055,Backpack,Lifestyle,4,13144,52576,33323.88,19252.12,West,Mumbai,9,2024,2024-11
ORD-0377,2024-01-07,CUST-1369,Watch,Fashion,2,13175,26350,22614.73,3735.27,Central,Pune,6,2024,2024-01
ORD-0378,2024-10-06,CUST-1699,Headphones,Accessories,4,25743,102972,64038.03,38933.97,Central,Mumbai,1,2024,2024-10
ORD-0379,2024-05-14,CUST-1220,Laptop,Electronics,1,26363,26363,18965.34,7397.66,East,Pune,7,2024,2024-05
ORD-0380,2024-12-25,CUST-1411,Smartphone,Electronics,5,18117,90585,71092.39,19492.61,East,Mumbai,5,2024,2024-12
ORD-0381,2024-02-10,CUST-1523,Backpack,Lifestyle,2,18076,36152,25235.0,10917.0,Central,Mumbai,5,2024,2024-02
ORD-0382,2024-12-23,CUST-1447,Backpack,Lifestyle,1,8511,8511,5326.73,3184.27,West,Mumbai,8,2024,2024-12
ORD-0383,2024-11-09,CUST-1623,Laptop,Electronics,3,22326,66978,55089.94,11888.06,South,Mumbai,1,2024,2024-11
ORD-0384,2024-12-28,CUST-1140,Laptop,Electronics,2,16766,33532,29706.16,3825.84,Central,Chennai,3,2024,2024-12
ORD-0385,2024-07-09,CUST-1129,Shoes,Fashion,1,25778,25778,22426.07,3351.93,East,Pune,5,2024,2024-07
ORD-0386,2024-09-25,CUST-1065,Shoes,Fashion,5,21062,105310,65620.87,39689.13,West,Kolkata,1,2024,2024-09
ORD-0387,2024-09-12,CUST-1879,Power Bank,Accessories,2,12548,25096,16241.96,8854.04,North,Mumbai,4,2024,2024-09
ORD-0388,2024-09-17,CUST-1002,Laptop,Electronics,1,8513,8513,5225.23,3287.77,East,Pune,3,2024,2024-09
ORD-0389,2024-04-01,CUST-1953,Laptop,Electronics,5,26816,134080,117210.63,16869.37,West,Hyderabad,6,2024,2024-04
ORD-0390,2024-05-07,CUST-1426,Watch,Fashion,3,27566,82698,51551.13,31146.87,East,Mumbai,9,2024,2024-05
ORD-0391,2024-12-10,CUST-1923,Laptop,Electronics,2,7813,15626,13146.18,2479.82,North,Pune,2,2024,2024-12
ORD-0392,2024-08-26,CUST-1886,Shoes,Fashion,3,11224,33672,21075.83,12596.17,West,Delhi,6,2024,2024-08
ORD-0393,2024-04-12,CUST-1298,Power Bank,Accessories,3,24734,74202,58383.27,15818.73,West,Kolkata,10,2024,2024-04
ORD-0394,2024-09-09,CUST-1791,Backpack,Lifestyle,5,25419,127095,106606.28,20488.72,South,Delhi,7,2024,2024-09
ORD-0395,2024-01-13,CUST-1238,T-Shirt,Fashion,3,21338,64014,54531.75,9482.25,North,Kolkata,1,2024,2024-01
ORD-0396,2024-12-02,CUST-1385,Shoes,Fashion,1,7223,7223,5481.86,1741.14,South,Pune,8,2024,2024-12
ORD-0397,2024-01-31,CUST-1995,Headphones,Accessories,3,3548,10644,6526.58,4117.42,South,Pune,6,2024,2024-01
ORD-0398,2024-08-22,CUST-1997,Smartphone,Electronics,5,3631,18155,13645.81,4509.19,West,Mumbai,10,2024,2024-08
ORD-0399,2024-10-17,CUST-1063,Tablet,Electronics,2,8258,16516,11354.8,5161.2,East,Pune,6,2024,2024-10
ORD-0400,2024-06-11,CUST-1463,Shoes,Fashion,2,2947,5894,5204.79,689.21,South,Mumbai,3,2024,2024-06
ORD-0401,2024-02-24,CUST-1168,Keyboard,Accessories,4,10790,43160,31159.52,12000.48,Central,Kolkata,4,2024,2024-02
ORD-0402,2024-08-19,CUST-1315,Keyboard,Accessories,3,28434,85302,54249.86,31052.14,South,Chennai,10,2024,2024-08
ORD-0403,2024-01-21,CUST-1220,Watch,Fashion,2,3488,6976,5673.91,1302.09,East,Pune,9,2024,2024-01
ORD-0404,2024-01-26,CUST-1693,Shoes,Fashion,3,27372,82116,73674.72,8441.28,North,Pune,8,2024,2024-01
ORD-0405,2024-10-11,CUST-1766,T-Shirt,Fashion,2,3603,7206,5322.45,1883.55,South,Mumbai,1,2024,2024-10
ORD-0406,2024-02-01,CUST-1850,Backpack,Lifestyle,2,6992,13984,11845.87,2138.13,East,Mumbai,10,2024,2024-02
ORD-0407,2024-10-27,CUST-1265,Smartphone,Electronics,1,2612,2612,1722.16,889.84,West,Bangalore,2,2024,2024-10
ORD-0408,2024-06-18,CUST-1125,Laptop,Electronics,4,2159,8636,5616.83,3019.17,Central,Pune,7,2024,2024-06
ORD-0409,2024-09-11,CUST-1030,Tablet,Electronics,4,6162,24648,17406.0,7242.0,South,Chennai,5,2024,2024-09
ORD-0410,2024-08-16,CUST-1904,Headphones,Accessories,1,20623,20623,16204.58,4418.42,South,Chennai,8,2024,2024-08
ORD-0411,2024-07-29,CUST-1903,T-Shirt,Fashion,4,2498,9992,6258.15,3733.85,West,Bangalore,7,2024,2024-07
ORD-0412,2024-04-12,CUST-1658,T-Shirt,Fashion,2,21168,42336,38027.3,4308.7,Central,Delhi,7,2024,2024-04
ORD-0413,2024-12-31,CUST-1367,Keyboard,Accessories,5,26106,130530,97297.56,33232.44,Central,Kolkata,7,2024,2024-12
ORD-0414,2024-05-18,CUST-1184,Laptop,Electronics,3,20066,60198,40074.17,20123.83,East,Delhi,8,2024,2024-05
ORD-0415,2024-09-28,CUST-1366,Power Bank,Accessories,2,5730,11460,7220.26,4239.74,South,Chennai,9,2024,2024-09
ORD-0416,2024-01-29,CUST-1782,Backpack,Lifestyle,5,28238,141190,126336.73,14853.27,West,Kolkata,3,2024,2024-01
ORD-0417,2024-03-31,CUST-1242,Power Bank,Accessories,3,26917,80751,66331.42,14419.58,East,Delhi,6,2024,2024-03
ORD-0418,2024-10-17,CUST-1577,Headphones,Accessories,5,6668,33340,28372.64,4967.36,West,Chennai,3,2024,2024-10
ORD-0419,2024-09-08,CUST-1038,Smartphone,Electronics,1,8122,8122,6339.21,1782.79,North,Ahmedabad,1,2024,2024-09
ORD-0420,2024-06-18,CUST-1939,Power Bank,Accessories,2,26925,53850,34418.06,19431.94,South,Kolkata,1,2024,2024-06
ORD-0421,2024-01-12,CUST-1151,Power Bank,Accessories,2,25874,51748,32770.78,18977.22,Central,Kolkata,2,2024,2024-01
ORD-0422,2024-07-10,CUST-1721,Tablet,Electronics,5,3810,19050,13353.45,5696.55,East,Bangalore,3,2024,2024-07
ORD-0423,2024-08-11,CUST-1810,Keyboard,Accessories,3,6208,18624,15125.57,3498.43,Central,Kolkata,4,2024,2024-08
ORD-0424,2024-12-06,CUST-1603,Headphones,Accessories,4,10553,42212,34622.22,7589.78,East,Bangalore,3,2024,2024-12
ORD-0425,2024-01-01,CUST-1971,Power Bank,Accessories,4,28377,113508,101962.53,11545.47,Central,Delhi,3,2024,2024-01
ORD-0426,2024-11-04,CUST-1325,Power Bank,Accessories,2,21459,42918,33032.49,9885.51,West,Bangalore,6,2024,2024-11
ORD-0427,2024-02-09,CUST-1243,Watch,Fashion,3,6001,18003,14237.78,3765.22,North,Kolkata,8,2024,2024-02
ORD-0428,2024-01-06,CUST-1271,Backpack,Lifestyle,2,23213,46426,28799.83,17626.17,East,Mumbai,1,2024,2024-01
ORD-0429,2024-01-25,CUST-1395,Keyboard,Accessories,4,5950,23800,20595.7,3204.3,West,Pune,6,2024,2024-01
ORD-0430,2024-10-06,CUST-1384,Smartphone,Electronics,4,26345,105380,90544.1,14835.9,South,Bangalore,8,2024,2024-10
ORD-0431,2024-02-07,CUST-1818,Laptop,Electronics,3,1157,3471,2414.48,1056.52,North,Mumbai,6,2024,2024-02
ORD-0432,2024-03-28,CUST-1909,Tablet,Electronics,2,24485,48970,30483.86,18486.14,North,Kolkata,10,2024,2024-03
ORD-0433,2024-11-10,CUST-1914,Keyboard,Accessories,1,14633,14633,12917.03,1715.97,South,Pune,3,2024,2024-11
ORD-0434,2024-01-28,CUST-1103,Watch,Fashion,2,6725,13450,9721.44,3728.56,Central,Chennai,5,2024,2024-01
ORD-0435,2024-06-01,CUST-1243,Smartphone,Electronics,1,13374,13374,10318.45,3055.55,West,Bangalore,1,2024,2024-06
ORD-0436,2024-07-03,CUST-1003,Tablet,Electronics,1,10151,10151,8599.61,1551.39,Central,Ahmedabad,4,2024,2024-07
ORD-0437,2024-02-19,CUST-1026,Backpack,Lifestyle,2,21412,42824,29443.36,13380.64,North,Ahmedabad,2,2024,2024-02
ORD-0438,2024-06-06,CUST-1803,Tablet,Electronics,4,16526,66104,57408.89,8695.11,East,Mumbai,9,2024,2024-06
ORD-0439,2024-07-17,CUST-1189,Watch,Fashion,4,12604,50416,33071.63,17344.37,North,Chennai,8,2024,2024-07
ORD-0440,2024-08-26,CUST-1269,Backpack,Lifestyle,3,18989,56967,35233.62,21733.38,North,Mumbai,6,2024,2024-08
ORD-0441,2024-10-04,CUST-1423,Power Bank,Accessories,2,18640,37280,23050.04,14229.96,West,Pune,9,2024,2024-10
ORD-0442,2024-12-17,CUST-1887,Keyboard,Accessories,5,29390,146950,98558.28,48391.72,East,Mumbai,7,2024,2024-12
ORD-0443,2024-12-31,CUST-1035,T-Shirt,Fashion,5,17435,87175,73238.78,13936.22,Central,Bangalore,2,2024,2024-12
ORD-0444,2024-08-17,CUST-1177,Headphones,Accessories,2,26991,53982,35510.32,18471.68,North,Pune,2,2024,2024-08
ORD-0445,2024-12-15,CUST-1445,Backpack,Lifestyle,2,27832,55664,43335.22,12328.78,East,Mumbai,2,2024,2024-12
ORD-0446,2024-07-17,CUST-1569,Tablet,Electronics,5,11186,55930,47931.3,7998.7,Central,Ahmedabad,1,2024,2024-07
ORD-0447,2024-12-24,CUST-1638,Power Bank,Accessories,5,26114,130570,94777.91,35792.09,West,Bangalore,3,2024,2024-12
ORD-0448,2024-10-17,CUST-1602,Power Bank,Accessories,1,3961,3961,3045.24,915.76,North,Chennai,9,2024,2024-10
ORD-0449,2024-06-25,CUST-1898,Tablet,Electronics,3,13051,39153,31182.87,7970.13,Central,Ahmedabad,1,2024,2024-06
ORD-0450,2024-03-29,CUST-1282,Tablet,Electronics,2,20758,41516,32490.28,9025.72,West,Delhi,7,2024,2024-03
ORD-0451,2024-06-18,CUST-1707,Backpack,Lifestyle,1,24936,24936,18516.61,6419.39,East,Kolkata,1,2024,2024-06
ORD-0452,2024-06-21,CUST-1837,Shoes,Fashion,3,9686,29058,24782.23,4275.77,North,Hyderabad,3,2024,2024-06
ORD-0453,2024-06-02,CUST-1997,Keyboard,Accessories,3,9328,27984,22908.82,5075.18,Central,Mumbai,4,2024,2024-06
ORD-0454,2024-08-14,CUST-1216,Tablet,Electronics,4,25387,101548,76663.71,24884.29,East,Delhi,9,2024,2024-08
ORD-0455,2024-03-22,CUST-1067,Shoes,Fashion,5,13718,68590,43945.27,24644.73,Central,Delhi,3,2024,2024-03
ORD-0456,2024-04-08,CUST-1896,Backpack,Lifestyle,1,8675,8675,5291.07,3383.93,North,Kolkata,4,2024,2024-04
ORD-0457,2024-05-20,CUST-1377,Keyboard,Accessories,5,13507,67535,53394.72,14140.28,North,Delhi,4,2024,2024-05
ORD-0458,2024-07-09,CUST-1500,Power Bank,Accessories,4,6319,25276,22449.03,2826.97,West,Kolkata,6,2024,2024-07
ORD-0459,2024-03-24,CUST-1857,Shoes,Fashion,1,9841,9841,5985.64,3855.36,North,Bangalore,10,2024,2024-03
ORD-0460,2024-04-19,CUST-1877,Backpack,Lifestyle,2,22706,45412,30063.62,15348.38,West,Delhi,1,2024,2024-04
ORD-0461,2024-08-30,CUST-1933,Headphones,Accessories,2,20198,40396,33943.12,6452.88,South,Chennai,10,2024,2024-08
ORD-0462,2024-06-05,CUST-1729,Shoes,Fashion,4,29843,119372,85105.39,34266.61,East,Ahmedabad,5,2024,2024-06
ORD-0463,2024-04-21,CUST-1477,Shoes,Fashion,5,27511,137555,108267.04,29287.96,Central,Mumbai,1,2024,2024-04
ORD-0464,2024-09-18,CUST-1678,Watch,Fashion,5,21712,108560,84473.98,24086.02,East,Chennai,2,2024,2024-09
ORD-0465,2024-09-03,CUST-1065,Watch,Fashion,3,21491,64473,44972.57,19500.43,East,Chennai,5,2024,2024-09
ORD-0466,2024-04-06,CUST-1153,T-Shirt,Fashion,2,29980,59960,36997.26,22962.74,Central,Pune,6,2024,2024-04
ORD-0467,2024-12-14,CUST-1143,Laptop,Electronics,4,10186,40744,27617.42,13126.58,West,Pune,7,2024,2024-12
ORD-0468,2024-01-19,CUST-1597,Power Bank,Accessories,2,11744,23488,19212.36,4275.64,South,Ahmedabad,6,2024,2024-01
ORD-0469,2024-09-16,CUST-1307,Headphones,Accessories,5,6435,32175,22140.75,10034.25,West,Bangalore,5,2024,2024-09
ORD-0470,2024-10-13,CUST-1781,Headphones,Accessories,3,21944,65832,41262.84,24569.16,East,Hyderabad,5,2024,2024-10
ORD-0471,2024-08-03,CUST-1807,Watch,Fashion,3,9038,27114,21031.55,6082.45,West,Mumbai,8,2024,2024-08
ORD-0472,2024-01-28,CUST-1887,Power Bank,Accessories,5,20837,104185,64736.88,39448.12,South,Mumbai,7,2024,2024-01
ORD-0473,2024-09-28,CUST-1305,Tablet,Electronics,1,29035,29035,24861.86,4173.14,South,Hyderabad,6,2024,2024-09
ORD-0474,2024-07-28,CUST-1583,Keyboard,Accessories,2,10867,21734,18663.38,3070.62,South,Mumbai,8,2024,2024-07
ORD-0475,2024-06-19,CUST-1646,Headphones,Accessories,3,21291,63873,39435.45,24437.55,West,Chennai,4,2024,2024-06
ORD-0476,2024-03-27,CUST-1590,Headphones,Accessories,4,26229,104916,86982.79,17933.21,North,Bangalore,10,2024,2024-03
ORD-0477,2024-08-10,CUST-1648,Tablet,Electronics,4,14558,58232,51803.09,6428.91,West,Delhi,1,2024,2024-08
ORD-0478,2024-09-30,CUST-1204,Watch,Fashion,1,29729,29729,20711.12,9017.88,Central,Hyderabad,1,2024,2024-09
ORD-0479,2024-12-12,CUST-1004,Backpack,Lifestyle,2,23225,46450,40090.79,6359.21,East,Bangalore,2,2024,2024-12
ORD-0480,2024-07-15,CUST-1515,Power Bank,Accessories,3,5972,17916,11100.5,6815.5,North,Chennai,5,2024,2024-07
ORD-0481,2024-08-21,CUST-1745,T-Shirt,Fashion,5,17674,88370,61978.35,26391.65,South,Kolkata,8,2024,2024-08
ORD-0482,2024-07-02,CUST-1768,Backpack,Lifestyle,2,27107,54214,39089.24,15124.76,South,Hyderabad,3,2024,2024-07
ORD-0483,2024-04-18,CUST-1751,Laptop,Electronics,5,17035,85175,55422.98,29752.02,East,Delhi,7,2024,2024-04
ORD-0484,2024-11-23,CUST-1261,T-Shirt,Fashion,5,2092,10460,8139.73,2320.27,North,Mumbai,1,2024,2024-11
ORD-0485,2024-01-25,CUST-1706,Smartphone,Electronics,4,15059,60236,43013.09,17222.91,Central,Chennai,8,2024,2024-01
ORD-0486,2024-12-25,CUST-1156,Backpack,Lifestyle,1,10366,10366,7528.43,2837.57,North,Chennai,10,2024,2024-12
ORD-0487,2024-11-06,CUST-1717,Headphones,Accessories,4,27718,110872,96412.8,14459.2,Central,Mumbai,5,2024,2024-11
ORD-0488,2024-02-28,CUST-1803,Smartphone,Electronics,4,7009,28036,21943.79,6092.21,East,Hyderabad,6,2024,2024-02
ORD-0489,2024-12-26,CUST-1419,Shoes,Fashion,2,1791,3582,2738.23,843.77,South,Ahmedabad,6,2024,2024-12
ORD-0490,2024-04-30,CUST-1002,Laptop,Electronics,1,4118,4118,3502.65,615.35,West,Bangalore,2,2024,2024-04
ORD-0491,2024-09-18,CUST-1076,Smartphone,Electronics,3,21613,64839,43399.86,21439.14,East,Chennai,8,2024,2024-09
ORD-0492,2024-01-26,CUST-1102,Headphones,Accessories,1,28426,28426,19533.5,8892.5,East,Pune,2,2024,2024-01
ORD-0493,2024-02-18,CUST-1871,Laptop,Electronics,1,28418,28418,18230.67,10187.33,South,Kolkata,6,2024,2024-02
ORD-0494,2024-08-12,CUST-1978,Power Bank,Accessories,3,29285,87855,72034.11,15820.89,East,Kolkata,3,2024,2024-08
ORD-0495,2024-02-28,CUST-1410,Tablet,Electronics,4,9407,37628,32010.61,5617.39,West,Pune,3,2024,2024-02
ORD-0496,2024-02-27,CUST-1135,Laptop,Electronics,2,3898,7796,5650.61,2145.39,Central,Ahmedabad,10,2024,2024-02
ORD-0497,2024-12-13,CUST-1448,Headphones,Accessories,5,12943,64715,53956.09,10758.91,Central,Delhi,3,2024,2024-12
ORD-0498,2024-09-04,CUST-1942,Keyboard,Accessories,1,29584,29584,21400.63,8183.37,North,Mumbai,5,2024,2024-09
ORD-0499,2024-12-01,CUST-1321,Laptop,Electronics,5,25650,128250,105560.93,22689.07,Central,Hyderabad,6,2024,2024-12
ORD-0500,2024-09-22,CUST-1535,Power Bank,Accessories,1,14683,14683,11724.58,2958.42,South,Ahmedabad,6,2024,2024-09
ORD-0501,2024-12-05,CUST-1692,Tablet,Electronics,2,27993,55986,47472.28,8513.72,Central,Delhi,1,2024,2024-12
ORD-0502,2024-11-25,CUST-1956,Headphones,Accessories,5,28314,141570,104873.17,36696.83,West,Bangalore,2,2024,2024-11
ORD-0503,2024-09-08,CUST-1328,Backpack,Lifestyle,3,9614,28842,17740.86,11101.14,South,Pune,7,2024,2024-09
ORD-0504,2024-04-30,CUST-1080,Keyboard,Accessories,4,26755,107020,82609.86,24410.14,North,Ahmedabad,8,2024,2024-04
ORD-0505,2024-06-10,CUST-1121,Keyboard,Accessories,1,3863,3863,2785.35,1077.65,North,Delhi,2,2024,2024-06
ORD-0506,2024-11-05,CUST-1986,Power Bank,Accessories,3,29667,89001,66973.37,22027.63,South,Ahmedabad,6,2024,2024-11
ORD-0507,2024-07-05,CUST-1845,Laptop,Electronics,2,28166,56332,41479.39,14852.61,Central,Ahmedabad,6,2024,2024-07
ORD-0508,2024-08-19,CUST-1116,Smartphone,Electronics,2,571,1142,802.15,339.85,East,Kolkata,2,2024,2024-08
ORD-0509,2024-01-24,CUST-1918,Headphones,Accessories,4,5102,20408,17276.43,3131.57,West,Mumbai,5,2024,2024-01
ORD-0510,2024-11-08,CUST-1200,Backpack,Lifestyle,1,28424,28424,20404.71,8019.29,West,Hyderabad,6,2024,2024-11
ORD-0511,2024-02-25,CUST-1775,Tablet,Electronics,1,21250,21250,18088.85,3161.15,Central,Mumbai,8,2024,2024-02
ORD-0512,2024-08-22,CUST-1674,Power Bank,Accessories,5,4911,24555,21833.24,2721.76,North,Delhi,9,2024,2024-08
ORD-0513,2024-08-09,CUST-1858,Power Bank,Accessories,4,17157,68628,57258.02,11369.98,South,Bangalore,3,2024,2024-08
ORD-0514,2024-02-23,CUST-1396,Power Bank,Accessories,5,29424,147120,102476.9,44643.1,West,Pune,10,2024,2024-02
ORD-0515,2024-12-20,CUST-1780,Backpack,Lifestyle,3,13537,40611,36106.35,4504.65,East,Ahmedabad,3,2024,2024-12
ORD-0516,2024-03-11,CUST-1422,Power Bank,Accessories,5,10294,51470,43899.91,7570.09,Central,Kolkata,9,2024,2024-03
ORD-0517,2024-11-19,CUST-1222,Backpack,Lifestyle,2,20952,41904,34123.07,7780.93,East,Bangalore,3,2024,2024-11
ORD-0518,2024-09-14,CUST-1555,Watch,Fashion,1,25429,25429,17944.52,7484.48,West,Pune,9,2024,2024-09
ORD-0519,2024-05-26,CUST-1898,Tablet,Electronics,1,17628,17628,11139.86,6488.14,West,Bangalore,1,2024,2024-05
ORD-0520,2024-12-09,CUST-1057,Backpack,Lifestyle,3,25082,75246,62880.05,12365.95,East,Chennai,3,2024,2024-12
ORD-0521,2024-02-01,CUST-1707,Shoes,Fashion,2,25193,50386,38411.85,11974.15,East,Ahmedabad,2,2024,2024-02
ORD-0522,2024-11-11,CUST-1888,T-Shirt,Fashion,2,24827,49654,39432.02,10221.98,West,Hyderabad,9,2024,2024-11
ORD-0523,2024-12-22,CUST-1294,Laptop,Electronics,4,13199,52796,38275.51,14520.49,East,Delhi,1,2024,2024-12
ORD-0524,2024-05-08,CUST-1207,Power Bank,Accessories,4,27696,110784,73966.55,36817.45,East,Hyderabad,4,2024,2024-05
ORD-0525,2024-05-30,CUST-1459,Headphones,Accessories,1,6626,6626,5888.81,737.19,Central,Mumbai,7,2024,2024-05
ORD-0526,2024-01-21,CUST-1438,Shoes,Fashion,5,9158,45790,29260.72,16529.28,Central,Chennai,1,2024,2024-01
ORD-0527,2024-06-18,CUST-1477,Headphones,Accessories,1,5536,5536,4863.87,672.13,Central,Delhi,10,2024,2024-06
ORD-0528,2024-12-04,CUST-1308,Keyboard,Accessories,5,18527,92635,65532.38,27102.62,East,Hyderabad,3,2024,2024-12
ORD-0529,2024-09-23,CUST-1069,T-Shirt,Fashion,2,14129,28258,21558.71,6699.29,West,Mumbai,6,2024,2024-09
ORD-0530,2024-04-23,CUST-1904,Backpack,Lifestyle,3,11348,34044,24111.3,9932.7,South,Ahmedabad,9,2024,2024-04
ORD-0531,2024-11-28,CUST-1009,Smartphone,Electronics,3,15103,45309,30452.38,14856.62,Central,Hyderabad,1,2024,2024-11
ORD-0532,2024-12-15,CUST-1906,Watch,Fashion,4,26590,106360,93968.67,12391.33,West,Chennai,9,2024,2024-12
ORD-0533,2024-05-24,CUST-1025,T-Shirt,Fashion,3,17352,52056,43771.03,8284.97,West,Ahmedabad,1,2024,2024-05
ORD-0534,2024-05-31,CUST-1919,Backpack,Lifestyle,3,17339,52017,32495.21,19521.79,North,Bangalore,9,2024,2024-05
ORD-0535,2024-09-30,CUST-1007,Smartphone,Electronics,2,22465,44930,35443.23,9486.77,South,Pune,2,2024,2024-09
ORD-0536,2024-04-15,CUST-1550,Tablet,Electronics,1,24974,24974,20124.38,4849.62,North,Ahmedabad,6,2024,2024-04
ORD-0537,2024-01-20,CUST-1089,Smartphone,Electronics,1,6332,6332,5307.89,1024.11,Central,Mumbai,10,2024,2024-01
ORD-0538,2024-04-26,CUST-1932,Shoes,Fashion,4,13215,52860,38869.95,13990.05,West,Pune,6,2024,2024-04
ORD-0539,2024-01-09,CUST-1398,Smartphone,Electronics,5,693,3465,2745.76,719.24,Central,Mumbai,10,2024,2024-01
ORD-0540,2024-01-24,CUST-1717,Smartphone,Electronics,3,16976,50928,32178.38,18749.62,East,Mumbai,5,2024,2024-01
ORD-0541,2024-08-12,CUST-1390,Tablet,Electronics,1,16031,16031,10370.41,5660.59,South,Bangalore,7,2024,2024-08
ORD-0542,2024-10-06,CUST-1302,Headphones,Accessories,3,22693,68079,58962.78,9116.22,East,Delhi,9,2024,2024-10
ORD-0543,2024-10-11,CUST-1144,Smartphone,Electronics,1,664,664,512.49,151.51,West,Mumbai,5,2024,2024-10
ORD-0544,2024-04-17,CUST-1766,Watch,Fashion,2,14021,28042,24443.89,3598.11,Central,Bangalore,3,2024,2024-04
ORD-0545,2024-04-04,CUST-1226,Power Bank,Accessories,3,6867,20601,13069.0,7532.0,Central,Delhi,9,2024,2024-04
ORD-0546,2024-08-24,CUST-1660,T-Shirt,Fashion,1,10024,10024,8034.29,1989.71,East,Mumbai,4,2024,2024-08
ORD-0547,2024-10-24,CUST-1498,Watch,Fashion,3,4701,14103,11301.98,2801.02,South,Mumbai,5,2024,2024-10
ORD-0548,2024-11-13,CUST-1071,Backpack,Lifestyle,3,16420,49260,36215.65,13044.35,Central,Chennai,10,2024,2024-11
ORD-0549,2024-03-19,CUST-1579,Power Bank,Accessories,3,26966,80898,56216.02,24681.98,West,Bangalore,1,2024,2024-03
ORD-0550,2024-06-09,CUST-1252,Backpack,Lifestyle,4,9566,38264,32602.19,5661.81,South,Kolkata,8,2024,2024-06
ORD-0551,2024-08-24,CUST-1456,Watch,Fashion,3,16457,49371,37793.58,11577.42,South,Mumbai,5,2024,2024-08
ORD-0552,2024-03-12,CUST-1912,T-Shirt,Fashion,2,9125,18250,14966.16,3283.84,North,Mumbai,1,2024,2024-03
ORD-0553,2024-09-16,CUST-1646,Laptop,Electronics,5,19469,97345,70238.34,27106.66,Central,Hyderabad,1,2024,2024-09
ORD-0554,2024-10-09,CUST-1266,T-Shirt,Fashion,5,15969,79845,63570.39,16274.61,South,Kolkata,7,2024,2024-10
ORD-0555,2024-04-24,CUST-1912,Power Bank,Accessories,3,4887,14661,10840.5,3820.5,Central,Mumbai,7,2024,2024-04
ORD-0556,2024-07-05,CUST-1514,Laptop,Electronics,2,28286,56572,50303.83,6268.17,Central,Bangalore,9,2024,2024-07
ORD-0557,2024-03-12,CUST-1456,Headphones,Accessories,2,19058,38116,33717.93,4398.07,South,Ahmedabad,6,2024,2024-03
ORD-0558,2024-01-21,CUST-1224,Keyboard,Accessories,2,2559,5118,3476.69,1641.31,South,Delhi,4,2024,2024-01
ORD-0559,2024-09-22,CUST-1929,Watch,Fashion,4,15890,63560,55638.55,7921.45,North,Delhi,6,2024,2024-09
ORD-0560,2024-02-22,CUST-1720,T-Shirt,Fashion,3,27857,83571,68743.24,14827.76,Central,Bangalore,7,2024,2024-02
ORD-0561,2024-11-30,CUST-1387,Watch,Fashion,5,21908,109540,95241.52,14298.48,North,Chennai,7,2024,2024-11
ORD-0562,2024-04-24,CUST-1528,Tablet,Electronics,3,27279,81837,70405.67,11431.33,West,Ahmedabad,10,2024,2024-04
ORD-0563,2024-01-04,CUST-1513,Headphones,Accessories,4,5926,23704,15857.91,7846.09,Central,Chennai,4,2024,2024-01
ORD-0564,2024-03-17,CUST-1191,Headphones,Accessories,3,20227,60681,49466.59,11214.41,North,Hyderabad,7,2024,2024-03
ORD-0565,2024-06-18,CUST-1737,Smartphone,Electronics,4,22625,90500,67299.82,23200.18,South,Bangalore,7,2024,2024-06
ORD-0566,2024-01-12,CUST-1249,Laptop,Electronics,2,19292,38584,30006.94,8577.06,South,Delhi,10,2024,2024-01
ORD-0567,2024-03-16,CUST-1057,Headphones,Accessories,3,6399,19197,14493.59,4703.41,West,Delhi,5,2024,2024-03
ORD-0568,2024-02-13,CUST-1221,Keyboard,Accessories,5,15947,79735,68587.31,11147.69,South,Hyderabad,7,2024,2024-02
ORD-0569,2024-11-03,CUST-1146,Power Bank,Accessories,2,20921,41842,33385.51,8456.49,East,Bangalore,6,2024,2024-11
ORD-0570,2024-08-20,CUST-1610,Power Bank,Accessories,1,8030,8030,5729.11,2300.89,South,Mumbai,1,2024,2024-08
ORD-0571,2024-04-13,CUST-1535,T-Shirt,Fashion,4,27583,110332,71149.62,39182.38,North,Bangalore,8,2024,2024-04
ORD-0572,2024-11-10,CUST-1614,Laptop,Electronics,5,16993,84965,70156.87,14808.13,North,Ahmedabad,3,2024,2024-11
ORD-0573,2024-11-04,CUST-1552,Laptop,Electronics,4,17606,70424,51142.28,19281.72,North,Pune,4,2024,2024-11
ORD-0574,2024-09-03,CUST-1808,Tablet,Electronics,3,19801,59403,49980.87,9422.13,Central,Mumbai,7,2024,2024-09
ORD-0575,2024-03-09,CUST-1260,Keyboard,Accessories,2,28649,57298,35819.57,21478.43,Central,Pune,5,2024,2024-03
ORD-0576,2024-04-06,CUST-1005,Laptop,Electronics,5,17622,88110,55980.56,32129.44,North,Pune,4,2024,2024-04
ORD-0577,2024-12-18,CUST-1823,Watch,Fashion,4,12370,49480,31270.12,18209.88,West,Chennai,5,2024,2024-12
ORD-0578,2024-10-01,CUST-1433,Power Bank,Accessories,3,20550,61650,42086.49,19563.51,West,Hyderabad,7,2024,2024-10
ORD-0579,2024-10-09,CUST-1802,T-Shirt,Fashion,4,6356,25424,18078.09,7345.91,Central,Ahmedabad,5,2024,2024-10
ORD-0580,2024-06-06,CUST-1591,Watch,Fashion,4,24610,98440,63141.44,35298.56,North,Hyderabad,8,2024,2024-06
ORD-0581,2024-12-24,CUST-1972,Headphones,Accessories,1,7527,7527,5664.09,1862.91,East,Delhi,3,2024,2024-12
ORD-0582,2024-07-18,CUST-1987,Laptop,Electronics,1,27476,27476,17683.51,9792.49,Central,Pune,2,2024,2024-07
ORD-0583,2024-02-02,CUST-1269,Backpack,Lifestyle,3,3122,9366,7330.85,2035.15,West,Pune,10,2024,2024-02
ORD-0584,2024-12-01,CUST-1533,Shoes,Fashion,5,2382,11910,10525.04,1384.96,South,Ahmedabad,8,2024,2024-12
ORD-0585,2024-01-06,CUST-1206,T-Shirt,Fashion,3,6881,20643,12593.94,8049.06,Central,Hyderabad,10,2024,2024-01
ORD-0586,2024-03-27,CUST-1690,Laptop,Electronics,3,8339,25017,19926.18,5090.82,South,Mumbai,5,2024,2024-03
ORD-0587,2024-07-23,CUST-1361,Tablet,Electronics,4,19704,78816,52025.9,26790.1,North,Mumbai,2,2024,2024-07
ORD-0588,2024-10-08,CUST-1291,T-Shirt,Fashion,5,11906,59530,41923.56,17606.44,East,Hyderabad,10,2024,2024-10
ORD-0589,2024-04-09,CUST-1465,Tablet,Electronics,5,652,3260,2211.36,1048.64,West,Mumbai,9,2024,2024-04
ORD-0590,2024-02-07,CUST-1515,Shoes,Fashion,3,4334,13002,10933.16,2068.84,East,Chennai,8,2024,2024-02
ORD-0591,2024-07-12,CUST-1576,Keyboard,Accessories,2,25320,50640,35544.13,15095.87,West,Ahmedabad,10,2024,2024-07
ORD-0592,2024-01-15,CUST-1493,Smartphone,Electronics,3,2713,8139,5817.77,2321.23,South,Hyderabad,6,2024,2024-01
ORD-0593,2024-07-30,CUST-1978,Watch,Fashion,5,18052,90260,54419.28,35840.72,East,Hyderabad,5,2024,2024-07
ORD-0594,2024-02-17,CUST-1408,Watch,Fashion,1,18671,18671,16419.63,2251.37,West,Kolkata,6,2024,2024-02
ORD-0595,2024-04-21,CUST-1915,Power Bank,Accessories,3,6489,19467,17211.46,2255.54,South,Ahmedabad,4,2024,2024-04
ORD-0596,2024-04-30,CUST-1753,Backpack,Lifestyle,3,7275,21825,14595.74,7229.26,South,Kolkata,3,2024,2024-04
ORD-0597,2024-02-24,CUST-1122,Smartphone,Electronics,4,20613,82452,49635.04,32816.96,Central,Delhi,8,2024,2024-02
ORD-0598,2024-07-09,CUST-1635,Watch,Fashion,4,29929,119716,107218.66,12497.34,Central,Chennai,8,2024,2024-07
ORD-0599,2024-04-03,CUST-1782,T-Shirt,Fashion,3,13537,40611,27072.42,13538.58,Central,Bangalore,1,2024,2024-04
ORD-0600,2024-09-26,CUST-1818,Tablet,Electronics,4,18219,72876,44437.51,28438.49,East,Pune,3,2024,2024-09
ORD-0601,2024-08-22,CUST-1999,Smartphone,Electronics,5,15575,77875,54099.4,23775.6,North,Delhi,4,2024,2024-08
ORD-0602,2024-07-13,CUST-1594,Smartphone,Electronics,3,12348,37044,29036.33,8007.67,East,Bangalore,9,2024,2024-07
ORD-0603,2024-05-14,CUST-1242,Shoes,Fashion,4,20589,82356,57890.42,24465.58,South,Ahmedabad,7,2024,2024-05
ORD-0604,2024-04-17,CUST-1429,Watch,Fashion,3,28494,85482,61562.24,23919.76,West,Bangalore,10,2024,2024-04
ORD-0605,2024-03-08,CUST-1589,Backpack,Lifestyle,1,24119,24119,16424.67,7694.33,South,Pune,7,2024,2024-03
ORD-0606,2024-04-10,CUST-1149,Headphones,Accessories,4,26900,107600,64874.48,42725.52,West,Ahmedabad,3,2024,2024-04
ORD-0607,2024-11-18,CUST-1529,T-Shirt,Fashion,3,26233,78699,58708.36,19990.64,East,Delhi,7,2024,2024-11
ORD-0608,2024-02-20,CUST-1707,Headphones,Accessories,1,7560,7560,6381.74,1178.26,West,Mumbai,8,2024,2024-02
ORD-0609,2024-06-20,CUST-1266,Watch,Fashion,3,18861,56583,43413.16,13169.84,East,Kolkata,1,2024,2024-06
ORD-0610,2024-07-29,CUST-1124,Watch,Fashion,5,7019,35095,27130.4,7964.6,Central,Bangalore,5,2024,2024-07
ORD-0611,2024-06-30,CUST-1332,T-Shirt,Fashion,4,25886,103544,85005.26,18538.74,North,Pune,10,2024,2024-06
ORD-0612,2024-05-26,CUST-1474,Headphones,Accessories,2,21490,42980,36202.7,6777.3,East,Pune,10,2024,2024-05
ORD-0613,2024-10-19,CUST-1414,Smartphone,Electronics,1,5808,5808,4083.53,1724.47,East,Kolkata,5,2024,2024-10
ORD-0614,2024-12-29,CUST-1273,Power Bank,Accessories,4,9388,37552,32531.58,5020.42,East,Ahmedabad,7,2024,2024-12
ORD-0615,2024-03-26,CUST-1188,Laptop,Electronics,2,24347,48694,32643.88,16050.12,East,Mumbai,4,2024,2024-03
ORD-0616,2024-03-26,CUST-1406,Smartphone,Electronics,1,2590,2590,2281.89,308.11,West,Delhi,1,2024,2024-03
ORD-0617,2024-07-22,CUST-1536,Smartphone,Electronics,1,9100,9100,7147.42,1952.58,North,Pune,5,2024,2024-07
ORD-0618,2024-04-27,CUST-1253,Shoes,Fashion,4,21028,84112,53657.02,30454.98,Central,Bangalore,1,2024,2024-04
ORD-0619,2024-01-18,CUST-1679,Watch,Fashion,3,28819,86457,64224.27,22232.73,Central,Chennai,9,2024,2024-01
ORD-0620,2024-08-15,CUST-1138,T-Shirt,Fashion,2,19860,39720,30952.81,8767.19,Central,Pune,9,2024,2024-08
ORD-0621,2024-11-23,CUST-1654,T-Shirt,Fashion,3,11876,35628,26524.89,9103.11,South,Mumbai,8,2024,2024-11
ORD-0622,2024-06-06,CUST-1374,Tablet,Electronics,3,5602,16806,11614.15,5191.85,North,Bangalore,6,2024,2024-06
ORD-0623,2024-05-26,CUST-1480,T-Shirt,Fashion,1,23036,23036,20193.97,2842.03,West,Chennai,1,2024,2024-05
ORD-0624,2024-08-08,CUST-1817,Shoes,Fashion,5,8076,40380,33880.04,6499.96,Central,Kolkata,4,2024,2024-08
ORD-0625,2024-07-29,CUST-1903,T-Shirt,Fashion,4,13435,53740,36272.83,17467.17,West,Pune,4,2024,2024-07
ORD-0626,2024-05-14,CUST-1081,Tablet,Electronics,2,17428,34856,28908.22,5947.78,Central,Chennai,5,2024,2024-05
ORD-0627,2024-11-28,CUST-1760,T-Shirt,Fashion,3,14030,42090,27627.88,14462.12,North,Bangalore,3,2024,2024-11
ORD-0628,2024-05-28,CUST-1113,Keyboard,Accessories,5,15336,76680,52268.17,24411.83,Central,Ahmedabad,4,2024,2024-05
ORD-0629,2024-06-13,CUST-1019,Headphones,Accessories,1,18029,18029,10937.1,7091.9,North,Chennai,5,2024,2024-06
ORD-0630,2024-03-05,CUST-1732,Keyboard,Accessories,1,8128,8128,5096.74,3031.26,North,Ahmedabad,4,2024,2024-03
ORD-0631,2024-06-24,CUST-1430,Shoes,Fashion,4,12669,50676,37454.9,13221.1,North,Kolkata,2,2024,2024-06
ORD-0632,2024-03-15,CUST-1057,Shoes,Fashion,4,2839,11356,8664.15,2691.85,South,Hyderabad,5,2024,2024-03
ORD-0633,2024-07-14,CUST-1848,Laptop,Electronics,1,25670,25670,20905.77,4764.23,West,Ahmedabad,4,2024,2024-07
ORD-0634,2024-01-18,CUST-1203,Keyboard,Accessories,1,17576,17576,14057.33,3518.67,South,Ahmedabad,7,2024,2024-01
ORD-0635,2024-12-14,CUST-1984,Shoes,Fashion,3,5697,17091,13480.51,3610.49,North,Mumbai,5,2024,2024-12
ORD-0636,2024-09-03,CUST-1653,Shoes,Fashion,2,12310,24620,21327.22,3292.78,South,Mumbai,4,2024,2024-09
ORD-0637,2024-11-20,CUST-1444,Watch,Fashion,1,5984,5984,5016.49,967.51,Central,Mumbai,7,2024,2024-11
ORD-0638,2024-05-04,CUST-1009,Laptop,Electronics,5,26172,130860,105633.52,25226.48,Central,Bangalore,6,2024,2024-05
ORD-0639,2024-02-15,CUST-1254,Headphones,Accessories,4,3495,13980,11264.85,2715.15,East,Delhi,1,2024,2024-02
ORD-0640,2024-07-01,CUST-1660,Headphones,Accessories,5,26434,132170,83560.19,48609.81,West,Hyderabad,6,2024,2024-07
ORD-0641,2024-10-12,CUST-1807,Watch,Fashion,4,24525,98100,64538.97,33561.03,West,Kolkata,3,2024,2024-10
ORD-0642,2024-05-08,CUST-1920,Laptop,Electronics,4,23654,94616,69187.95,25428.05,East,Ahmedabad,4,2024,2024-05
ORD-0643,2024-10-17,CUST-1191,T-Shirt,Fashion,3,11106,33318,27311.46,6006.54,East,Bangalore,2,2024,2024-10
ORD-0644,2024-09-28,CUST-1158,Keyboard,Accessories,3,27350,82050,55712.34,26337.66,East,Ahmedabad,1,2024,2024-09
ORD-0645,2024-11-22,CUST-1518,Tablet,Electronics,2,29431,58862,35647.77,23214.23,East,Hyderabad,6,2024,2024-11
ORD-0646,2024-02-02,CUST-1674,T-Shirt,Fashion,4,6721,26884,20357.13,6526.87,West,Bangalore,10,2024,2024-02
ORD-0647,2024-05-24,CUST-1330,Tablet,Electronics,3,4119,12357,7771.03,4585.97,North,Delhi,3,2024,2024-05
ORD-0648,2024-04-01,CUST-1894,Laptop,Electronics,2,4007,8014,5975.33,2038.67,North,Delhi,10,2024,2024-04
ORD-0649,2024-11-24,CUST-1856,Tablet,Electronics,4,17730,70920,55827.6,15092.4,Central,Chennai,1,2024,2024-11
ORD-0650,2024-07-06,CUST-1226,Power Bank,Accessories,1,928,928,815.77,112.23,South,Ahmedabad,2,2024,2024-07
ORD-0651,2024-08-27,CUST-1820,Laptop,Electronics,3,18785,56355,46382.6,9972.4,West,Kolkata,1,2024,2024-08
ORD-0652,2024-11-11,CUST-1272,T-Shirt,Fashion,1,24561,24561,15255.24,9305.76,East,Mumbai,4,2024,2024-11
ORD-0653,2024-09-22,CUST-1099,Smartphone,Electronics,2,17921,35842,25648.51,10193.49,South,Hyderabad,10,2024,2024-09
ORD-0654,2024-11-16,CUST-1970,Headphones,Accessories,5,25049,125245,96118.33,29126.67,North,Kolkata,8,2024,2024-11
ORD-0655,2024-12-25,CUST-1681,Tablet,Electronics,1,5966,5966,4997.95,968.05,Central,Pune,9,2024,2024-12
ORD-0656,2024-06-21,CUST-1673,Headphones,Accessories,5,20158,100790,73869.36,26920.64,East,Kolkata,9,2024,2024-06
ORD-0657,2024-06-15,CUST-1865,Watch,Fashion,4,25540,102160,80703.56,21456.44,East,Hyderabad,10,2024,2024-06
ORD-0658,2024-10-06,CUST-1219,Tablet,Electronics,5,24898,124490,84183.47,40306.53,West,Ahmedabad,7,2024,2024-10
ORD-0659,2024-01-01,CUST-1743,Laptop,Electronics,3,20021,60063,36331.55,23731.45,South,Chennai,1,2024,2024-01
ORD-0660,2024-06-02,CUST-1227,Backpack,Lifestyle,3,1211,3633,3020.68,612.32,East,Bangalore,2,2024,2024-06
ORD-0661,2024-01-20,CUST-1471,Watch,Fashion,2,5035,10070,6842.53,3227.47,Central,Hyderabad,4,2024,2024-01
ORD-0662,2024-05-11,CUST-1830,Shoes,Fashion,1,19193,19193,13817.8,5375.2,South,Mumbai,6,2024,2024-05
ORD-0663,2024-09-04,CUST-1177,Keyboard,Accessories,5,27353,136765,119299.66,17465.34,Central,Chennai,1,2024,2024-09
ORD-0664,2024-10-22,CUST-1390,Smartphone,Electronics,1,25760,25760,18040.16,7719.84,West,Pune,2,2024,2024-10
ORD-0665,2024-04-26,CUST-1765,Power Bank,Accessories,1,21271,21271,17723.54,3547.46,West,Delhi,5,2024,2024-04
ORD-0666,2024-09-25,CUST-1042,Watch,Fashion,5,19011,95055,61298.5,33756.5,Central,Hyderabad,3,2024,2024-09
ORD-0667,2024-01-26,CUST-1689,Tablet,Electronics,4,25169,100676,78380.26,22295.74,Central,Mumbai,4,2024,2024-01
ORD-0668,2024-08-09,CUST-1296,Tablet,Electronics,2,4831,9662,6771.62,2890.38,West,Delhi,9,2024,2024-08
ORD-0669,2024-07-23,CUST-1268,Smartphone,Electronics,4,16943,67772,49497.1,18274.9,South,Bangalore,8,2024,2024-07
ORD-0670,2024-10-13,CUST-1202,Keyboard,Accessories,4,21872,87488,67488.17,19999.83,Central,Hyderabad,4,2024,2024-10
ORD-0671,2024-02-06,CUST-1272,Tablet,Electronics,3,22937,68811,60363.86,8447.14,North,Mumbai,7,2024,2024-02
ORD-0672,2024-08-04,CUST-1374,Watch,Fashion,2,11009,22018,15486.52,6531.48,North,Chennai,3,2024,2024-08
ORD-0673,2024-06-28,CUST-1631,Keyboard,Accessories,5,5278,26390,19321.15,7068.85,South,Hyderabad,6,2024,2024-06
ORD-0674,2024-03-20,CUST-1775,Smartphone,Electronics,1,24734,24734,15245.08,9488.92,Central,Bangalore,5,2024,2024-03
ORD-0675,2024-01-08,CUST-1351,Smartphone,Electronics,3,15247,45741,33910.41,11830.59,East,Hyderabad,9,2024,2024-01
ORD-0676,2024-04-18,CUST-1208,T-Shirt,Fashion,5,25087,125435,84994.43,40440.57,West,Bangalore,1,2024,2024-04
ORD-0677,2024-07-11,CUST-1596,T-Shirt,Fashion,1,8870,8870,5775.22,3094.78,East,Hyderabad,10,2024,2024-07
ORD-0678,2024-05-18,CUST-1054,Keyboard,Accessories,1,2682,2682,1921.9,760.1,East,Kolkata,2,2024,2024-05
ORD-0679,2024-01-10,CUST-1299,Tablet,Electronics,2,12974,25948,19527.48,6420.52,North,Kolkata,8,2024,2024-01
ORD-0680,2024-11-01,CUST-1544,Smartphone,Electronics,2,7016,14032,10526.74,3505.26,West,Delhi,1,2024,2024-11
ORD-0681,2024-05-06,CUST-1944,T-Shirt,Fashion,3,11430,34290,25613.94,8676.06,South,Delhi,6,2024,2024-05
ORD-0682,2024-12-16,CUST-1360,Watch,Fashion,3,8239,24717,22215.6,2501.4,Central,Chennai,1,2024,2024-12
ORD-0683,2024-11-16,CUST-1263,Tablet,Electronics,1,18684,18684,16530.39,2153.61,South,Bangalore,6,2024,2024-11
ORD-0684,2024-07-20,CUST-1672,Headphones,Accessories,1,24417,24417,17449.91,6967.09,Central,Hyderabad,7,2024,2024-07
ORD-0685,2024-05-03,CUST-1586,Headphones,Accessories,4,10736,42944,37486.7,5457.3,East,Ahmedabad,9,2024,2024-05
ORD-0686,2024-03-08,CUST-1211,Headphones,Accessories,5,18239,91195,73431.54,17763.46,South,Bangalore,5,2024,2024-03
ORD-0687,2024-12-18,CUST-1722,T-Shirt,Fashion,2,14592,29184,26227.83,2956.17,South,Bangalore,6,2024,2024-12
ORD-0688,2024-02-04,CUST-1570,T-Shirt,Fashion,1,6533,6533,4542.26,1990.74,South,Delhi,6,2024,2024-02
ORD-0689,2024-07-30,CUST-1984,Tablet,Electronics,3,15016,45048,37105.27,7942.73,East,Bangalore,4,2024,2024-07
ORD-0690,2024-02-24,CUST-1134,Headphones,Accessories,1,25483,25483,22827.33,2655.67,Central,Chennai,10,2024,2024-02
ORD-0691,2024-10-17,CUST-1627,Backpack,Lifestyle,5,8108,40540,27132.36,13407.64,North,Kolkata,2,2024,2024-10
ORD-0692,2024-12-18,CUST-1798,Keyboard,Accessories,2,16960,33920,28962.3,4957.7,West,Kolkata,3,2024,2024-12
ORD-0693,2024-07-17,CUST-1503,Keyboard,Accessories,2,5866,11732,7719.4,4012.6,North,Pune,1,2024,2024-07
ORD-0694,2024-05-18,CUST-1973,Tablet,Electronics,2,24825,49650,39789.6,9860.4,South,Hyderabad,2,2024,2024-05
ORD-0695,2024-03-31,CUST-1949,Keyboard,Accessories,5,16554,82770,66742.32,16027.68,West,Hyderabad,7,2024,2024-03
ORD-0696,2024-07-26,CUST-1794,Laptop,Electronics,5,24595,122975,104196.54,18778.46,East,Pune,10,2024,2024-07
ORD-0697,2024-10-19,CUST-1608,T-Shirt,Fashion,5,21517,107585,92817.33,14767.67,North,Mumbai,8,2024,2024-10
ORD-0698,2024-08-21,CUST-1846,Laptop,Electronics,2,17496,34992,26641.54,8350.46,North,Pune,9,2024,2024-08
ORD-0699,2024-11-18,CUST-1985,Laptop,Electronics,2,10041,20082,14697.34,5384.66,East,Chennai,8,2024,2024-11
ORD-0700,2024-03-26,CUST-1432,Shoes,Fashion,5,2287,11435,9227.88,2207.12,South,Ahmedabad,8,2024,2024-03
ORD-0701,2024-02-16,CUST-1739,T-Shirt,Fashion,1,6390,6390,5326.83,1063.17,Central,Bangalore,7,2024,2024-02
ORD-0702,2024-07-30,CUST-1331,Keyboard,Accessories,1,6361,6361,4682.36,1678.64,South,Ahmedabad,2,2024,2024-07
ORD-0703,2024-05-08,CUST-1331,Headphones,Accessories,1,3488,3488,2212.26,1275.74,West,Kolkata,2,2024,2024-05
ORD-0704,2024-09-25,CUST-1724,Tablet,Electronics,5,20556,102780,90952.71,11827.29,West,Pune,1,2024,2024-09
ORD-0705,2024-03-28,CUST-1934,Watch,Fashion,5,29050,145250,115889.03,29360.97,South,Bangalore,3,2024,2024-03
ORD-0706,2024-04-01,CUST-1787,Laptop,Electronics,4,10594,42376,29360.44,13015.56,West,Chennai,3,2024,2024-04
ORD-0707,2024-03-01,CUST-1920,Headphones,Accessories,2,615,1230,967.72,262.28,East,Delhi,8,2024,2024-03
ORD-0708,2024-09-11,CUST-1875,Keyboard,Accessories,5,26958,134790,81106.53,53683.47,West,Hyderabad,4,2024,2024-09
ORD-0709,2024-10-28,CUST-1675,Keyboard,Accessories,4,13939,55756,40844.76,14911.24,Central,Delhi,4,2024,2024-10
ORD-0710,2024-10-07,CUST-1284,Power Bank,Accessories,5,27373,136865,116003.46,20861.54,North,Bangalore,3,2024,2024-10
ORD-0711,2024-01-29,CUST-1668,Watch,Fashion,1,5263,5263,4505.91,757.09,Central,Chennai,6,2024,2024-01
ORD-0712,2024-02-14,CUST-1050,Smartphone,Electronics,4,6340,25360,16443.44,8916.56,East,Bangalore,8,2024,2024-02
ORD-0713,2024-10-23,CUST-1368,Laptop,Electronics,1,25682,25682,17715.14,7966.86,East,Pune,2,2024,2024-10
ORD-0714,2024-08-06,CUST-1863,T-Shirt,Fashion,1,10095,10095,7482.87,2612.13,North,Chennai,6,2024,2024-08
ORD-0715,2024-09-26,CUST-1423,T-Shirt,Fashion,2,23300,46600,30882.53,15717.47,North,Mumbai,10,2024,2024-09
ORD-0716,2024-11-18,CUST-1541,Smartphone,Electronics,4,24226,96904,78162.41,18741.59,East,Pune,10,2024,2024-11
ORD-0717,2024-06-11,CUST-1265,T-Shirt,Fashion,5,20922,104610,73870.98,30739.02,South,Ahmedabad,9,2024,2024-06
ORD-0718,2024-11-19,CUST-1509,Keyboard,Accessories,2,29455,58910,46116.03,12793.97,East,Hyderabad,1,2024,2024-11
ORD-0719,2024-03-01,CUST-1024,Keyboard,Accessories,1,24665,24665,21074.29,3590.71,Central,Pune,7,2024,2024-03
ORD-0720,2024-01-24,CUST-1341,Watch,Fashion,5,26912,134560,106470.74,28089.26,North,Hyderabad,5,2024,2024-01
ORD-0721,2024-05-10,CUST-1809,Smartphone,Electronics,3,10339,31017,23325.0,7692.0,East,Delhi,2,2024,2024-05
ORD-0722,2024-12-17,CUST-1341,Watch,Fashion,4,24237,96948,74715.54,22232.46,North,Bangalore,4,2024,2024-12
ORD-0723,2024-06-18,CUST-1853,Watch,Fashion,4,16048,64192,53868.41,10323.59,South,Ahmedabad,3,2024,2024-06
ORD-0724,2024-11-17,CUST-1471,T-Shirt,Fashion,3,15654,46962,39222.51,7739.49,West,Delhi,9,2024,2024-11
ORD-0725,2024-06-02,CUST-1578,Watch,Fashion,5,18059,90295,54684.05,35610.95,Central,Kolkata,6,2024,2024-06
ORD-0726,2024-02-03,CUST-1992,Headphones,Accessories,3,28049,84147,51275.14,32871.86,West,Bangalore,10,2024,2024-02
ORD-0727,2024-11-06,CUST-1398,Headphones,Accessories,5,4328,21640,18596.94,3043.06,East,Kolkata,1,2024,2024-11
ORD-0728,2024-05-19,CUST-1423,Smartphone,Electronics,4,29239,116956,78511.71,38444.29,West,Chennai,4,2024,2024-05
ORD-0729,2024-09-25,CUST-1309,Headphones,Accessories,1,12762,12762,10662.44,2099.56,South,Mumbai,8,2024,2024-09
ORD-0730,2024-09-16,CUST-1025,Keyboard,Accessories,5,5548,27740,18226.94,9513.06,West,Chennai,6,2024,2024-09
ORD-0731,2024-03-14,CUST-1787,Smartphone,Electronics,5,22674,113370,101785.41,11584.59,South,Delhi,8,2024,2024-03
ORD-0732,2024-07-17,CUST-1730,T-Shirt,Fashion,1,634,634,439.55,194.45,North,Mumbai,6,2024,2024-07
ORD-0733,2024-08-27,CUST-1910,Laptop,Electronics,1,17558,17558,14570.58,2987.42,East,Delhi,10,2024,2024-08
ORD-0734,2024-06-08,CUST-1654,Backpack,Lifestyle,3,7071,21213,13953.14,7259.86,East,Kolkata,8,2024,2024-06
ORD-0735,2024-12-09,CUST-1120,Shoes,Fashion,2,5660,11320,7721.27,3598.73,North,Mumbai,4,2024,2024-12
ORD-0736,2024-10-04,CUST-1358,T-Shirt,Fashion,3,9381,28143,18080.95,10062.05,East,Hyderabad,3,2024,2024-10
ORD-0737,2024-02-06,CUST-1318,Power Bank,Accessories,3,18213,54639,40055.54,14583.46,South,Delhi,8,2024,2024-02
ORD-0738,2024-12-11,CUST-1051,Smartphone,Electronics,4,2262,9048,5662.56,3385.44,West,Bangalore,10,2024,2024-12
ORD-0739,2024-10-30,CUST-1644,Keyboard,Accessories,5,12153,60765,42154.64,18610.36,South,Mumbai,8,2024,2024-10
ORD-0740,2024-10-17,CUST-1134,Smartphone,Electronics,4,3687,14748,10864.49,3883.51,West,Ahmedabad,4,2024,2024-10
ORD-0741,2024-04-24,CUST-1147,Power Bank,Accessories,3,12409,37227,26714.95,10512.05,East,Kolkata,8,2024,2024-04
ORD-0742,2024-09-06,CUST-1030,Smartphone,Electronics,4,4199,16796,11848.44,4947.56,West,Bangalore,5,2024,2024-09
ORD-0743,2024-06-27,CUST-1618,Power Bank,Accessories,2,17144,34288,21631.6,12656.4,North,Kolkata,9,2024,2024-06
ORD-0744,2024-11-28,CUST-1072,Shoes,Fashion,5,15605,78025,56197.11,21827.89,West,Hyderabad,10,2024,2024-11
ORD-0745,2024-05-04,CUST-1561,Headphones,Accessories,4,13076,52304,32418.96,19885.04,South,Pune,7,2024,2024-05
ORD-0746,2024-10-17,CUST-1806,Watch,Fashion,5,23245,116225,77969.11,38255.89,North,Ahmedabad,2,2024,2024-10
ORD-0747,2024-10-30,CUST-1610,Keyboard,Accessories,3,18689,56067,35282.75,20784.25,West,Bangalore,5,2024,2024-10
ORD-0748,2024-07-26,CUST-1071,Power Bank,Accessories,1,22962,22962,19384.98,3577.02,West,Kolkata,8,2024,2024-07
ORD-0749,2024-11-26,CUST-1676,Laptop,Electronics,1,7630,7630,6448.19,1181.81,Central,Delhi,3,2024,2024-11
ORD-0750,2024-12-04,CUST-1152,Keyboard,Accessories,5,10051,50255,36032.57,14222.43,Central,Ahmedabad,4,2024,2024-12
ORD-0751,2024-04-15,CUST-1697,Watch,Fashion,3,19186,57558,48251.1,9306.9,East,Pune,6,2024,2024-04
ORD-0752,2024-02-15,CUST-1596,Laptop,Electronics,5,17225,86125,62118.45,24006.55,South,Chennai,1,2024,2024-02
ORD-0753,2024-07-08,CUST-1922,T-Shirt,Fashion,1,527,527,427.4,99.6,East,Mumbai,5,2024,2024-07
ORD-0754,2024-01-16,CUST-1240,Tablet,Electronics,5,13419,67095,52841.63,14253.37,West,Pune,7,2024,2024-01
ORD-0755,2024-08-10,CUST-1558,Backpack,Lifestyle,2,16060,32120,20612.07,11507.93,Central,Pune,6,2024,2024-08
ORD-0756,2024-08-01,CUST-1157,Shoes,Fashion,2,4900,9800,5914.11,3885.89,North,Bangalore,8,2024,2024-08
ORD-0757,2024-12-02,CUST-1447,Headphones,Accessories,1,4996,4996,3960.19,1035.81,West,Ahmedabad,10,2024,2024-12
ORD-0758,2024-08-05,CUST-1638,Headphones,Accessories,4,17192,68768,50010.66,18757.34,West,Pune,6,2024,2024-08
ORD-0759,2024-04-25,CUST-1190,Tablet,Electronics,5,743,3715,2873.11,841.89,South,Chennai,7,2024,2024-04
ORD-0760,2024-10-06,CUST-1590,Watch,Fashion,1,1740,1740,1340.57,399.43,East,Mumbai,10,2024,2024-10
ORD-0761,2024-09-03,CUST-1984,Smartphone,Electronics,2,24426,48852,40028.74,8823.26,East,Ahmedabad,9,2024,2024-09
ORD-0762,2024-02-10,CUST-1535,Power Bank,Accessories,1,8535,8535,6330.71,2204.29,North,Chennai,10,2024,2024-02
ORD-0763,2024-01-28,CUST-1925,Watch,Fashion,5,26010,130050,78450.71,51599.29,West,Ahmedabad,10,2024,2024-01
ORD-0764,2024-06-18,CUST-1431,Watch,Fashion,3,9976,29928,19460.76,10467.24,Central,Chennai,10,2024,2024-06
ORD-0765,2024-05-13,CUST-1062,Keyboard,Accessories,5,6040,30200,23310.11,6889.89,East,Delhi,5,2024,2024-05
ORD-0766,2024-09-05,CUST-1084,Headphones,Accessories,5,3018,15090,12908.49,2181.51,East,Chennai,3,2024,2024-09
ORD-0767,2024-11-11,CUST-1287,Shoes,Fashion,3,965,2895,2380.93,514.07,Central,Bangalore,10,2024,2024-11
ORD-0768,2024-03-18,CUST-1674,Keyboard,Accessories,3,26971,80913,52805.43,28107.57,South,Ahmedabad,3,2024,2024-03
ORD-0769,2024-09-27,CUST-1882,Laptop,Electronics,3,3265,9795,8719.55,1075.45,Central,Bangalore,8,2024,2024-09
ORD-0770,2024-07-30,CUST-1788,Tablet,Electronics,2,22148,44296,32427.13,11868.87,South,Hyderabad,10,2024,2024-07
ORD-0771,2024-06-25,CUST-1055,Shoes,Fashion,1,2221,2221,1444.27,776.73,West,Ahmedabad,5,2024,2024-06
ORD-0772,2024-08-31,CUST-1764,T-Shirt,Fashion,2,12945,25890,20842.82,5047.18,West,Ahmedabad,5,2024,2024-08
ORD-0773,2024-03-15,CUST-1543,Tablet,Electronics,1,9963,9963,8749.18,1213.82,West,Pune,6,2024,2024-03
ORD-0774,2024-09-28,CUST-1699,Laptop,Electronics,1,17909,17909,14170.09,3738.91,West,Chennai,6,2024,2024-09
ORD-0775,2024-05-18,CUST-1273,Smartphone,Electronics,3,21941,65823,51029.48,14793.52,West,Hyderabad,10,2024,2024-05
ORD-0776,2024-04-09,CUST-1532,Watch,Fashion,2,10765,21530,16455.03,5074.97,North,Mumbai,1,2024,2024-04
ORD-0777,2024-07-29,CUST-1100,T-Shirt,Fashion,1,22962,22962,16849.12,6112.88,South,Chennai,5,2024,2024-07
ORD-0778,2024-04-08,CUST-1034,Laptop,Electronics,5,3512,17560,10835.65,6724.35,Central,Hyderabad,10,2024,2024-04
ORD-0779,2024-11-22,CUST-1124,Smartphone,Electronics,1,28563,28563,22319.29,6243.71,West,Bangalore,2,2024,2024-11
ORD-0780,2024-12-22,CUST-1188,Shoes,Fashion,3,15801,47403,37834.39,9568.61,North,Ahmedabad,5,2024,2024-12
ORD-0781,2024-08-06,CUST-1708,Watch,Fashion,3,5807,17421,14532.94,2888.06,East,Delhi,7,2024,2024-08
ORD-0782,2024-07-17,CUST-1340,Laptop,Electronics,3,27133,81399,55302.44,26096.56,West,Mumbai,8,2024,2024-07
ORD-0783,2024-04-12,CUST-1624,Tablet,Electronics,2,21651,43302,32373.32,10928.68,South,Pune,4,2024,2024-04
ORD-0784,2024-11-10,CUST-1658,Smartphone,Electronics,4,23942,95768,64901.87,30866.13,North,Mumbai,2,2024,2024-11
ORD-0785,2024-10-19,CUST-1745,Shoes,Fashion,4,1114,4456,3872.06,583.94,South,Delhi,1,2024,2024-10
ORD-0786,2024-12-06,CUST-1399,Shoes,Fashion,2,23439,46878,32765.34,14112.66,West,Delhi,9,2024,2024-12
ORD-0787,2024-12-28,CUST-1962,Keyboard,Accessories,4,14788,59152,42658.87,16493.13,North,Hyderabad,1,2024,2024-12
ORD-0788,2024-07-15,CUST-1977,Keyboard,Accessories,1,19087,19087,14517.4,4569.6,East,Kolkata,5,2024,2024-07
ORD-0789,2024-07-24,CUST-1056,Smartphone,Electronics,3,18018,54054,46270.37,7783.63,East,Mumbai,8,2024,2024-07
ORD-0790,2024-05-28,CUST-1663,Backpack,Lifestyle,2,18669,37338,22843.36,14494.64,West,Hyderabad,5,2024,2024-05
ORD-0791,2024-12-22,CUST-1399,Smartphone,Electronics,3,16441,49323,30849.5,18473.5,West,Hyderabad,3,2024,2024-12
ORD-0792,2024-01-19,CUST-1197,Laptop,Electronics,5,8314,41570,31043.22,10526.78,North,Chennai,8,2024,2024-01
ORD-0793,2024-09-30,CUST-1988,Keyboard,Accessories,1,1713,1713,1202.16,510.84,East,Delhi,7,2024,2024-09
ORD-0794,2024-03-01,CUST-1216,T-Shirt,Fashion,4,22719,90876,78249.69,12626.31,Central,Bangalore,10,2024,2024-03
ORD-0795,2024-04-29,CUST-1947,Smartphone,Electronics,1,24599,24599,15804.3,8794.7,North,Ahmedabad,10,2024,2024-04
ORD-0796,2024-01-24,CUST-1248,Headphones,Accessories,1,6144,6144,4852.52,1291.48,East,Mumbai,8,2024,2024-01
ORD-0797,2024-11-08,CUST-1174,Power Bank,Accessories,1,27297,27297,23072.55,4224.45,North,Ahmedabad,10,2024,2024-11
ORD-0798,2024-11-11,CUST-1225,Smartphone,Electronics,2,14466,28932,20287.2,8644.8,West,Kolkata,2,2024,2024-11
ORD-0799,2024-12-16,CUST-1589,T-Shirt,Fashion,2,11037,22074,18783.39,3290.61,South,Delhi,10,2024,2024-12
ORD-0800,2024-03-29,CUST-1343,Smartphone,Electronics,1,9474,9474,6085.82,3388.18,West,Bangalore,6,2024,2024-03
